TopViewx-122.313653x37.902221.png	gabled
TopViewx-122.324240x37.937366.png	hipped
TopViewx-122.330408x37.920014.png	None
TopViewx-122.335214x37.951766.png	?
TopViewx-122.337604x37.952424.png	?
TopViewx-122.344270x37.932641.png	None
TopViewx-122.347919x37.930011.png	?
TopViewx-122.350732x37.933637.png	flat
TopViewx-122.355997x37.944371.png	hipped
TopViewx-122.382252x37.922559.png	gabled
TopViewx-80.245495x25.699935.png	None
TopViewx-80.246676x25.708025.png	None
TopViewx-80.247784x25.708372.png	hipped
TopViewx-80.248666x25.708922.png	gabled
TopViewx-80.248686x25.709220.png	None
TopViewx-80.249608x25.706999.png	None
TopViewx-80.250358x25.707270.png	?
TopViewx-80.250625x25.690062.png	None
TopViewx-80.250926x25.706819.png	None
TopViewx-80.251906x25.697958.png	hipped
TopViewx-80.252176x25.707366.png	?
TopViewx-80.253662x25.701237.png	hipped
TopViewx-80.253671x25.707920.png	gabled
TopViewx-80.254167x25.704258.png	hipped
TopViewx-80.254791x25.770263.png	gabled
TopViewx-80.255010x25.745200.png	hipped
TopViewx-80.255208x25.698088.png	None
TopViewx-80.255462x25.707296.png	None
TopViewx-80.255600x25.693800.png	None
TopViewx-80.255672x25.747066.png	hipped
TopViewx-80.255686x25.755720.png	None
TopViewx-80.255807x25.754859.png	None
TopViewx-80.255872x25.742542.png	gabled
TopViewx-80.256120x25.769787.png	hipped
TopViewx-80.256290x25.700177.png	hipped
TopViewx-80.256334x25.754210.png	flat
TopViewx-80.256363x25.728948.png	None
TopViewx-80.256482x25.755065.png	hipped
TopViewx-80.256500x25.767914.png	gabled
TopViewx-80.256585x25.728044.png	None
TopViewx-80.256604x25.769036.png	gabled
TopViewx-80.256756x25.728012.png	gabled
TopViewx-80.256760x25.766942.png	hipped
TopViewx-80.256771x25.689074.png	hipped
TopViewx-80.256799x25.768435.png	None
TopViewx-80.256921x25.679224.png	None
TopViewx-80.256923x25.741040.png	None
TopViewx-80.257211x25.739576.png	gabled
TopViewx-80.257228x25.739338.png	None
TopViewx-80.257238x25.707436.png	None
TopViewx-80.257312x25.767863.png	hipped
TopViewx-80.257385x25.728910.png	gabled
TopViewx-80.257443x25.689851.png	hipped
TopViewx-80.257573x25.747382.png	flat
TopViewx-80.257600x25.770039.png	None
TopViewx-80.257658x25.707808.png	None
TopViewx-80.258024x25.697889.png	hipped
TopViewx-80.258043x25.742849.png	flat
TopViewx-80.258121x25.689183.png	Other
TopViewx-80.258274x25.728262.png	None
TopViewx-80.258300x25.761650.png	None
TopViewx-80.258517x25.695866.png	hipped
TopViewx-80.258584x25.699406.png	hipped
TopViewx-80.258604x25.757065.png	None
TopViewx-80.258739x25.740226.png	hipped
TopViewx-80.258944x25.738907.png	hipped
TopViewx-80.259136x25.755404.png	flat
TopViewx-80.259293x25.697295.png	hipped
TopViewx-80.259527x25.736136.png	None
TopViewx-80.259528x25.737235.png	gabled
TopViewx-80.259619x25.744248.png	None
TopViewx-80.259694x25.736128.png	hipped
TopViewx-80.259821x25.740263.png	flat
TopViewx-80.259891x25.757177.png	hipped
TopViewx-80.259899x25.705954.png	gabled
TopViewx-80.259920x25.761509.png	None
TopViewx-80.259945x25.735856.png	hipped
TopViewx-80.259955x25.750581.png	hipped
TopViewx-80.259991x25.707433.png	hipped
TopViewx-80.260022x25.738874.png	None
TopViewx-80.260072x25.754572.png	None
TopViewx-80.260089x25.739378.png	None
TopViewx-80.260098x25.708115.png	hipped
TopViewx-80.260290x25.729109.png	flat
TopViewx-80.260297x25.726778.png	gabled
TopViewx-80.260359x25.736796.png	hipped
TopViewx-80.260364x25.749727.png	flat
TopViewx-80.260382x25.750154.png	flat
TopViewx-80.260387x25.760723.png	Other
TopViewx-80.260399x25.701694.png	hipped
TopViewx-80.260569x25.736515.png	hipped
TopViewx-80.260681x25.735411.png	hipped
TopViewx-80.260776x25.737879.png	flat
TopViewx-80.260837x25.757944.png	None
TopViewx-80.260885x25.760663.png	None
TopViewx-80.260915x25.738541.png	hipped
TopViewx-80.260978x25.704278.png	None
TopViewx-80.261142x25.697230.png	None
TopViewx-80.261262x25.749086.png	flat
TopViewx-80.261283x25.735110.png	hipped
TopViewx-80.261327x25.710962.png	hipped
TopViewx-80.261450x25.744166.png	None
TopViewx-80.261579x25.738789.png	flat
TopViewx-80.261670x25.740864.png	flat
TopViewx-80.261686x25.705087.png	None
TopViewx-80.261686x25.720553.png	hipped
TopViewx-80.261698x25.704523.png	hipped
TopViewx-80.261705x25.710645.png	hipped
TopViewx-80.261774x25.722393.png	hipped
TopViewx-80.261890x25.736435.png	hipped
TopViewx-80.261986x25.738465.png	hipped
TopViewx-80.262013x25.739959.png	flat
TopViewx-80.262055x25.721672.png	gabled*
TopViewx-80.262100x25.713914.png	hipped
TopViewx-80.262106x25.715104.png	None
TopViewx-80.262142x25.698170.png	hipped
TopViewx-80.262176x25.749649.png	flat
TopViewx-80.262217x25.710650.png	hipped
TopViewx-80.262278x25.751551.png	irregular
TopViewx-80.262288x25.695562.png	flat
TopViewx-80.262325x25.720967.png	None
TopViewx-80.262429x25.735944.png	hipped
TopViewx-80.262465x25.710181.png	hipped
TopViewx-80.262555x25.738374.png	hipped
TopViewx-80.262576x25.723364.png	None
TopViewx-80.262578x25.710632.png	hipped
TopViewx-80.262580x25.740455.png	None
TopViewx-80.262625x25.740711.png	hipped
TopViewx-80.262664x25.737871.png	None
TopViewx-80.262706x25.754824.png	flat
TopViewx-80.262749x25.698514.png	Other
TopViewx-80.262807x25.689149.png	hipped
TopViewx-80.262929x25.728285.png	hipped
TopViewx-80.262993x25.748087.png	None
TopViewx-80.263000x25.704696.png	None
TopViewx-80.263077x25.753800.png	hipped
TopViewx-80.263129x25.739679.png	hipped
TopViewx-80.263182x25.745938.png	hipped
TopViewx-80.263214x25.721199.png	hipped
TopViewx-80.263241x25.755808.png	hipped
TopViewx-80.263265x25.720920.png	hipped
TopViewx-80.263276x25.704193.png	hipped
TopViewx-80.263407x25.739645.png	None
TopViewx-80.263441x25.697725.png	None
TopViewx-80.263460x25.720419.png	gabled
TopViewx-80.263486x25.740648.png	None
TopViewx-80.263496x25.750648.png	None
TopViewx-80.263525x25.744003.png	None
TopViewx-80.263533x25.750802.png	hipped
TopViewx-80.263565x25.740343.png	hipped
TopViewx-80.263848x25.746324.png	hipped
TopViewx-80.263863x25.743978.png	hipped
TopViewx-80.263899x25.750094.png	flat
TopViewx-80.263942x25.697683.png	hipped
TopViewx-80.264026x25.743247.png	hipped
TopViewx-80.264061x25.697349.png	hipped
TopViewx-80.264102x25.716154.png	gabled
TopViewx-80.264139x25.739631.png	hipped
TopViewx-80.264235x25.754334.png	None
TopViewx-80.264255x25.756146.png	hipped
TopViewx-80.264269x25.756594.png	hipped
TopViewx-80.264337x25.754534.png	flat
TopViewx-80.264345x25.729652.png	hipped
TopViewx-80.264375x25.723502.png	gabled
TopViewx-80.264526x25.732640.png	hipped
TopViewx-80.264612x25.736369.png	hipped
TopViewx-80.264627x25.729658.png	hipped
TopViewx-80.264710x25.752256.png	None
TopViewx-80.264713x25.703007.png	None
TopViewx-80.264790x25.754176.png	None
TopViewx-80.264838x25.726826.png	hipped
TopViewx-80.264865x25.717444.png	gabled
TopViewx-80.264938x25.739123.png	gabled
TopViewx-80.265013x25.737348.png	hipped
TopViewx-80.265060x25.697442.png	hipped
TopViewx-80.265180x25.726559.png	hipped
TopViewx-80.265216x25.699247.png	None
TopViewx-80.265243x25.703340.png	hipped
TopViewx-80.265291x25.754285.png	None
TopViewx-80.265402x25.754482.png	flat
TopViewx-80.265475x25.737432.png	gabled
TopViewx-80.265499x25.732245.png	None
TopViewx-80.265499x25.734326.png	hipped
TopViewx-80.265523x25.742470.png	None
TopViewx-80.265526x25.722076.png	hipped
TopViewx-80.265548x25.699240.png	hipped*
TopViewx-80.265603x25.728167.png	gabled
TopViewx-80.265618x25.705969.png	hipped
TopViewx-80.265644x25.696065.png	flat
TopViewx-80.265742x25.713744.png	hipped
TopViewx-80.265852x25.747909.png	flat
TopViewx-80.265889x25.751112.png	flat
TopViewx-80.265890x25.742979.png	None
TopViewx-80.265952x25.719275.png	hipped
TopViewx-80.265998x25.751313.png	None
TopViewx-80.266094x25.714124.png	hipped
TopViewx-80.266130x25.753707.png	flat
TopViewx-80.266226x25.717808.png	hipped
TopViewx-80.266267x25.724280.png	hipped
TopViewx-80.266549x25.725231.png	hipped
TopViewx-80.266569x25.755730.png	gabled
TopViewx-80.266603x25.753364.png	hipped
TopViewx-80.266784x25.734872.png	None
TopViewx-80.267169x25.719807.png	None
TopViewx-80.267202x25.735821.png	None
TopViewx-80.267216x25.683272.png	hipped
TopViewx-80.267378x25.754184.png	None
TopViewx-80.267418x25.744993.png	hipped
TopViewx-80.267444x25.738479.png	gabled
TopViewx-80.267457x25.721843.png	None
TopViewx-80.267642x25.749997.png	None
TopViewx-80.267684x25.734268.png	hipped
TopViewx-80.267689x25.701220.png	None
TopViewx-80.267747x25.752868.png	hipped
TopViewx-80.267813x25.746570.png	hipped
TopViewx-80.267870x25.716874.png	None
TopViewx-80.267889x25.732122.png	None
TopViewx-80.267931x25.719429.png	hipped
TopViewx-80.267967x25.708505.png	None
TopViewx-80.268157x25.738422.png	None
TopViewx-80.268223x25.738874.png	None
TopViewx-80.268453x25.755697.png	hipped
TopViewx-80.268517x25.753225.png	None
TopViewx-80.268565x25.738805.png	None
TopViewx-80.268653x25.700448.png	None
TopViewx-80.268740x25.724633.png	hipped
TopViewx-80.268797x25.738894.png	None
TopViewx-80.268804x25.738433.png	gabled
TopViewx-80.268840x25.752717.png	None
TopViewx-80.268955x25.734800.png	hipped
TopViewx-80.269029x25.732583.png	None
TopViewx-80.269042x25.709534.png	None
TopViewx-80.269063x25.716514.png	hipped
TopViewx-80.269339x25.745689.png	None
TopViewx-80.269395x25.717435.png	None
TopViewx-80.269447x25.744464.png	hipped
TopViewx-80.269560x25.753204.png	None
TopViewx-80.269569x25.705553.png	None
TopViewx-80.269742x25.719964.png	hipped
TopViewx-80.269774x25.739690.png	None
TopViewx-80.269842x25.738551.png	None
TopViewx-80.269861x25.724709.png	None
TopViewx-80.269888x25.721739.png	hipped
TopViewx-80.269941x25.734173.png	hipped
TopViewx-80.270162x25.672568.png	hipped*
TopViewx-80.270254x25.713316.png	hipped
TopViewx-80.270257x25.730366.png	hipped
TopViewx-80.270275x25.722635.png	hipped
TopViewx-80.270277x25.730652.png	hipped
TopViewx-80.270312x25.755115.png	None
TopViewx-80.270346x25.747236.png	None
TopViewx-80.270399x25.714013.png	None
TopViewx-80.270568x25.713563.png	hipped
TopViewx-80.270616x25.755644.png	None
TopViewx-80.270618x25.737893.png	hipped
TopViewx-80.270622x25.747521.png	None
TopViewx-80.270628x25.747652.png	flat
TopViewx-80.270659x25.733013.png	hipped
TopViewx-80.270672x25.729003.png	hipped
TopViewx-80.270767x25.751563.png	hipped
TopViewx-80.270794x25.752120.png	hipped
TopViewx-80.270867x25.709895.png	hipped
TopViewx-80.270924x25.755164.png	gabled
TopViewx-80.270973x25.738749.png	None
TopViewx-80.270980x25.752236.png	flat
TopViewx-80.271043x25.756492.png	gabled
TopViewx-80.271135x25.747243.png	hipped
TopViewx-80.271150x25.742380.png	hipped
TopViewx-80.271230x25.730000.png	hipped
TopViewx-80.271303x25.751780.png	flat
TopViewx-80.271316x25.756493.png	gabled
TopViewx-80.271395x25.708381.png	hipped
TopViewx-80.271422x25.735578.png	hipped
TopViewx-80.271463x25.747580.png	None
TopViewx-80.271531x25.760454.png	None
TopViewx-80.271663x25.748531.png	gabled
TopViewx-80.271702x25.709082.png	gabled
TopViewx-80.271770x25.716662.png	None
TopViewx-80.272064x25.761893.png	hipped
TopViewx-80.272072x25.746475.png	None
TopViewx-80.272094x25.749678.png	None
TopViewx-80.272102x25.763543.png	gabled
TopViewx-80.272127x25.710438.png	gabled
TopViewx-80.272143x25.745470.png	hipped
TopViewx-80.272275x25.746519.png	flat
TopViewx-80.272286x25.730198.png	hipped
TopViewx-80.272303x25.762149.png	gabled
TopViewx-80.272314x25.714955.png	hipped
TopViewx-80.272436x25.743742.png	hipped
TopViewx-80.272440x25.746406.png	flat
TopViewx-80.272448x25.733835.png	hipped
TopViewx-80.272463x25.730877.png	hipped
TopViewx-80.272477x25.748102.png	None
TopViewx-80.272508x25.688388.png	flat
TopViewx-80.272572x25.727895.png	None
TopViewx-80.272648x25.736698.png	gabled
TopViewx-80.272710x25.739076.png	None
TopViewx-80.272750x25.650160.png	hipped
TopViewx-80.272838x25.714973.png	hipped
TopViewx-80.272907x25.755511.png	None
TopViewx-80.272943x25.709004.png	hipped
TopViewx-80.272949x25.756024.png	flat
TopViewx-80.273087x25.763245.png	hipped
TopViewx-80.273090x25.674956.png	hipped
TopViewx-80.273092x25.712826.png	hipped
TopViewx-80.273099x25.683623.png	None
TopViewx-80.273108x25.763556.png	?
TopViewx-80.273190x25.723102.png	hipped
TopViewx-80.273311x25.750251.png	None
TopViewx-80.273410x25.674934.png	hipped
TopViewx-80.273413x25.706255.png	None
TopViewx-80.273495x25.761072.png	None
TopViewx-80.273573x25.725803.png	None
TopViewx-80.273654x25.746403.png	flat
TopViewx-80.273721x25.744868.png	None
TopViewx-80.273766x25.682640.png	None
TopViewx-80.273771x25.705519.png	hipped
TopViewx-80.273786x25.741955.png	None
TopViewx-80.273809x25.729820.png	None
TopViewx-80.273821x25.732014.png	hipped
TopViewx-80.273880x25.650520.png	hipped
TopViewx-80.273932x25.743166.png	hipped
TopViewx-80.273943x25.747324.png	None
TopViewx-80.274087x25.708846.png	None
TopViewx-80.274178x25.671561.png	hipped
TopViewx-80.274383x25.759650.png	None
TopViewx-80.274393x25.754808.png	None
TopViewx-80.274403x25.754529.png	hipped
TopViewx-80.274593x25.711433.png	hipped
TopViewx-80.274843x25.714348.png	hipped
TopViewx-80.274881x25.737135.png	hipped
TopViewx-80.275012x25.763200.png	hipped
TopViewx-80.275489x25.744609.png	None
TopViewx-80.275670x25.757591.png	None
TopViewx-80.275680x25.718274.png	None
TopViewx-80.275923x25.751038.png	None
TopViewx-80.275937x25.706809.png	hipped
TopViewx-80.275982x25.709143.png	None
TopViewx-80.276160x25.745758.png	None
TopViewx-80.276162x25.705640.png	hipped
TopViewx-80.276215x25.745333.png	hipped
TopViewx-80.276336x25.759354.png	hipped
TopViewx-80.276421x25.747339.png	None
TopViewx-80.276518x25.673424.png	hipped
TopViewx-80.276587x25.744891.png	None
TopViewx-80.276605x25.652381.png	None
TopViewx-80.276648x25.759270.png	hipped
TopViewx-80.276702x25.710830.png	hipped
TopViewx-80.276709x25.750235.png	flat
TopViewx-80.276953x25.710419.png	None
TopViewx-80.277008x25.755667.png	None
TopViewx-80.277077x25.721172.png	None
TopViewx-80.277245x25.709593.png	hipped
TopViewx-80.277254x25.669616.png	None
TopViewx-80.277296x25.652382.png	hipped
TopViewx-80.277451x25.671522.png	hipped
TopViewx-80.277509x25.744809.png	hipped
TopViewx-80.277514x25.753562.png	None
TopViewx-80.277703x25.668674.png	None
TopViewx-80.277725x25.733952.png	hipped
TopViewx-80.277742x25.758866.png	None
TopViewx-80.277807x25.758982.png	None
TopViewx-80.277970x25.754897.png	hipped
TopViewx-80.278058x25.678075.png	None
TopViewx-80.278133x25.757205.png	hipped
TopViewx-80.278221x25.651035.png	hipped
TopViewx-80.278226x25.750355.png	None
TopViewx-80.278250x25.762371.png	gabled
TopViewx-80.278277x25.734520.png	hipped
TopViewx-80.278327x25.746542.png	None
TopViewx-80.278400x25.747385.png	None
TopViewx-80.278657x25.758821.png	None
TopViewx-80.278852x25.749312.png	None
TopViewx-80.278871x25.757551.png	hipped*
TopViewx-80.278892x25.757918.png	gabled
TopViewx-80.279013x25.763128.png	None
TopViewx-80.279050x25.725180.png	hipped
TopViewx-80.279108x25.717379.png	None
TopViewx-80.279112x25.758224.png	None
TopViewx-80.279266x25.744797.png	None
TopViewx-80.279381x25.761279.png	hipped
TopViewx-80.279566x25.733014.png	None
TopViewx-80.279615x25.753252.png	None
TopViewx-80.279713x25.742920.png	hipped
TopViewx-80.279735x25.734802.png	None
TopViewx-80.279743x25.745222.png	None
TopViewx-80.279823x25.759504.png	None
TopViewx-80.279845x25.760164.png	gabled
TopViewx-80.279889x25.651208.png	gabled
TopViewx-80.279965x25.762903.png	hipped
TopViewx-80.280012x25.759854.png	flat
TopViewx-80.280024x25.755314.png	gabled
TopViewx-80.280029x25.748380.png	hipped
TopViewx-80.280063x25.707820.png	hipped*
TopViewx-80.280094x25.654015.png	gabled
TopViewx-80.280135x25.753478.png	None
TopViewx-80.280206x25.760838.png	gabled
TopViewx-80.280214x25.753184.png	hipped
TopViewx-80.280333x25.748341.png	None
TopViewx-80.280346x25.758119.png	None
TopViewx-80.280634x25.756487.png	None
TopViewx-80.280676x25.747916.png	None
TopViewx-80.280718x25.750724.png	None
TopViewx-80.280749x25.727886.png	hipped
TopViewx-80.280932x25.672638.png	None
TopViewx-80.280950x25.759476.png	None
TopViewx-80.280958x25.748247.png	None
TopViewx-80.280963x25.670967.png	hipped
TopViewx-80.280974x25.757196.png	None
TopViewx-80.281053x25.762797.png	hipped
TopViewx-80.281138x25.671514.png	None
TopViewx-80.281164x25.712580.png	None
TopViewx-80.281192x25.670380.png	None
TopViewx-80.281282x25.725312.png	hipped
TopViewx-80.281338x25.754248.png	hipped
TopViewx-80.281342x25.744665.png	None
TopViewx-80.281470x25.729778.png	None
TopViewx-80.281481x25.759418.png	None
TopViewx-80.281586x25.705229.png	None
TopViewx-80.281774x25.758073.png	None
TopViewx-80.281774x25.760056.png	None
TopViewx-80.281832x25.724883.png	gabled
TopViewx-80.281891x25.760694.png	None
TopViewx-80.281960x25.761900.png	hipped
TopViewx-80.282064x25.719392.png	hipped
TopViewx-80.282082x25.747520.png	None
TopViewx-80.282163x25.688252.png	None
TopViewx-80.282306x25.744037.png	None
TopViewx-80.282345x25.759710.png	None
TopViewx-80.282388x25.685568.png	flat
TopViewx-80.282401x25.757286.png	None
TopViewx-80.282446x25.754306.png	None
TopViewx-80.282448x25.720407.png	hipped
TopViewx-80.282454x25.761508.png	None
TopViewx-80.282627x25.683690.png	hipped
TopViewx-80.282628x25.755174.png	flat
TopViewx-80.282682x25.721137.png	hipped
TopViewx-80.282721x25.750194.png	None
TopViewx-80.282722x25.760356.png	hipped
TopViewx-80.282724x25.735250.png	None
TopViewx-80.282758x25.655392.png	None
TopViewx-80.282823x25.669277.png	None
TopViewx-80.282827x25.745526.png	hipped
TopViewx-80.282830x25.750835.png	None
TopViewx-80.282992x25.727095.png	hipped
TopViewx-80.283026x25.757488.png	hipped
TopViewx-80.283155x25.761593.png	hipped
TopViewx-80.283200x25.685724.png	None
TopViewx-80.283299x25.720842.png	gabled*
TopViewx-80.283304x25.684644.png	hipped
TopViewx-80.283341x25.750040.png	None
TopViewx-80.283357x25.760752.png	flat
TopViewx-80.283433x25.756182.png	hipped
TopViewx-80.283502x25.731927.png	None
TopViewx-80.283876x25.759252.png	None
TopViewx-80.283935x25.759706.png	hipped
TopViewx-80.283942x25.760169.png	gabled
TopViewx-80.284131x25.747941.png	None
TopViewx-80.284153x25.719329.png	gabled
TopViewx-80.284173x25.748247.png	gabled
TopViewx-80.284249x25.735182.png	hipped
TopViewx-80.284258x25.756958.png	gabled*
TopViewx-80.284275x25.755340.png	hipped
TopViewx-80.284285x25.763162.png	None
TopViewx-80.284329x25.755183.png	None
TopViewx-80.284332x25.653632.png	gabled
TopViewx-80.284347x25.753685.png	None
TopViewx-80.284369x25.724802.png	None
TopViewx-80.284417x25.726300.png	None
TopViewx-80.284647x25.653254.png	hipped
TopViewx-80.284689x25.754691.png	hipped
TopViewx-80.284740x25.763146.png	None
TopViewx-80.284794x25.762974.png	None
TopViewx-80.284819x25.735116.png	gabled
TopViewx-80.284832x25.742614.png	hipped
TopViewx-80.284870x25.759309.png	flat
TopViewx-80.284950x25.743700.png	None
TopViewx-80.284986x25.752721.png	None
TopViewx-80.285021x25.745473.png	None
TopViewx-80.285061x25.740450.png	gabled
TopViewx-80.285086x25.741909.png	hipped
TopViewx-80.285145x25.714805.png	flat
TopViewx-80.285169x25.759057.png	None
TopViewx-80.285318x25.729620.png	hipped
TopViewx-80.285324x25.716526.png	hipped
TopViewx-80.285335x25.727465.png	hipped
TopViewx-80.285343x25.732672.png	hipped
TopViewx-80.285436x25.731446.png	None
TopViewx-80.285462x25.726774.png	hipped
TopViewx-80.285469x25.663402.png	hipped
TopViewx-80.285572x25.728189.png	gabled
TopViewx-80.285583x25.732690.png	hipped
TopViewx-80.285639x25.717698.png	gabled
TopViewx-80.285642x25.739952.png	hipped
TopViewx-80.285752x25.728896.png	hipped
TopViewx-80.285800x25.723297.png	hipped
TopViewx-80.286169x25.743643.png	hipped
TopViewx-80.286438x25.743646.png	hipped
TopViewx-80.287009x25.757148.png	hipped
TopViewx-80.287181x25.753169.png	hipped
TopViewx-80.287199x25.753434.png	None
TopViewx-80.287340x25.758278.png	hipped
TopViewx-80.287356x25.757467.png	hipped
TopViewx-80.287553x25.762562.png	hipped
TopViewx-80.287575x25.762694.png	hipped
TopViewx-80.289322x25.632114.png	None
TopViewx-80.289409x25.643035.png	None
TopViewx-80.289638x25.664060.png	None
TopViewx-80.295038x25.636893.png	hipped
TopViewx-80.295652x25.636816.png	gabled
TopViewx-80.296994x25.633986.png	hipped
TopViewx-80.297710x25.634925.png	None
TopViewx-80.298520x25.631396.png	None
TopViewx-80.299767x25.635675.png	hipped
TopViewx-80.300232x25.637127.png	gabled
TopViewx-80.302288x25.637688.png	None
TopViewx-80.305116x25.636111.png	hipped
TopViewx-80.306160x25.632413.png	None
TopViewx-80.307022x25.636447.png	None
TopViewx-80.307160x25.640397.png	None
TopViewx-80.307473x25.643917.png	None
TopViewx-80.309243x25.626611.png	None
TopViewx-80.309260x25.634739.png	None
TopViewx-80.310097x25.615239.png	None
TopViewx-80.310098x25.615437.png	None
TopViewx-80.310258x25.618170.png	None
TopViewx-80.310647x25.643355.png	hipped
TopViewx-80.310714x25.627903.png	None
TopViewx-80.310731x25.636831.png	None
TopViewx-80.310807x25.635418.png	None
TopViewx-80.311526x25.624882.png	hipped
TopViewx-80.311813x25.631682.png	None
TopViewx-80.311874x25.639259.png	hipped
TopViewx-80.311887x25.642168.png	gabled
TopViewx-80.311998x25.625596.png	None
TopViewx-80.312001x25.613309.png	hipped
TopViewx-80.312144x25.628648.png	None
TopViewx-80.312541x25.630324.png	None
TopViewx-80.312543x25.628660.png	hipped
TopViewx-80.312871x25.609033.png	None
TopViewx-80.313182x25.611993.png	hipped
TopViewx-80.313426x25.612319.png	None
TopViewx-80.313593x25.630544.png	None
TopViewx-80.313732x25.637909.png	gabled
TopViewx-80.313997x25.643735.png	None
TopViewx-80.314062x25.591433.png	hipped
TopViewx-80.314326x25.625641.png	hipped
TopViewx-80.314412x25.588458.png	None
TopViewx-80.314418x25.619587.png	gabled
TopViewx-80.314481x25.684937.png	None
TopViewx-80.314562x25.615107.png	None
TopViewx-80.314627x25.687015.png	None
TopViewx-80.314778x25.633598.png	None
TopViewx-80.314778x25.633982.png	gabled
TopViewx-80.314861x25.620107.png	gabled
TopViewx-80.314917x25.627972.png	hipped
TopViewx-80.314928x25.589552.png	hipped
TopViewx-80.315152x25.634429.png	hipped
TopViewx-80.315342x25.614544.png	gabled
TopViewx-80.315432x25.608633.png	gabled
TopViewx-80.315447x25.593736.png	None
TopViewx-80.315464x25.643131.png	None
TopViewx-80.315466x25.615083.png	gabled
TopViewx-80.315478x25.684743.png	None
TopViewx-80.315496x25.682336.png	flat
TopViewx-80.315652x25.588596.png	hipped
TopViewx-80.315732x25.638456.png	gabled
TopViewx-80.315757x25.625358.png	hipped
TopViewx-80.315944x25.619134.png	gabled
TopViewx-80.315965x25.617362.png	None
TopViewx-80.316306x25.632602.png	None
TopViewx-80.316424x25.620498.png	None
TopViewx-80.316625x25.623056.png	None
TopViewx-80.316628x25.641782.png	None
TopViewx-80.316988x25.633465.png	hipped
TopViewx-80.317019x25.632927.png	hipped
TopViewx-80.317188x25.613999.png	gabled
TopViewx-80.317371x25.602950.png	gabled
TopViewx-80.317422x25.588277.png	hipped
TopViewx-80.317511x25.606739.png	hipped
TopViewx-80.317658x25.611888.png	None
TopViewx-80.317686x25.600494.png	None
TopViewx-80.317940x25.685217.png	flat
TopViewx-80.318020x25.680029.png	flat
TopViewx-80.318884x25.621920.png	None
TopViewx-80.318924x25.680457.png	flat
TopViewx-80.319033x25.689682.png	None
TopViewx-80.319057x25.596251.png	hipped
TopViewx-80.319059x25.613527.png	gabled
TopViewx-80.319426x25.583625.png	None
TopViewx-80.319540x25.580255.png	gabled
TopViewx-80.319690x25.581933.png	gabled
TopViewx-80.319700x25.585680.png	None
TopViewx-80.319749x25.691644.png	flat
TopViewx-80.319819x25.580272.png	gabled
TopViewx-80.320010x25.577031.png	None
TopViewx-80.320039x25.597903.png	gabled
TopViewx-80.320225x25.682966.png	hipped
TopViewx-80.320363x25.635662.png	None
TopViewx-80.320384x25.588031.png	None
TopViewx-80.320386x25.592165.png	None
TopViewx-80.320421x25.582913.png	gabled
TopViewx-80.320458x25.583598.png	gabled
TopViewx-80.320459x25.624850.png	hipped
TopViewx-80.320489x25.584692.png	None
TopViewx-80.320545x25.677362.png	gabled
TopViewx-80.320550x25.677796.png	None
TopViewx-80.320588x25.624103.png	None
TopViewx-80.320759x25.613760.png	gabled
TopViewx-80.320795x25.678662.png	None
TopViewx-80.320802x25.584046.png	gabled
TopViewx-80.320806x25.624614.png	hipped
TopViewx-80.320854x25.582625.png	gabled
TopViewx-80.321012x25.683345.png	None
TopViewx-80.321131x25.639031.png	None
TopViewx-80.321217x25.673574.png	flat
TopViewx-80.321283x25.637437.png	gabled
TopViewx-80.321343x25.640969.png	None
TopViewx-80.321346x25.604277.png	None
TopViewx-80.321356x25.638191.png	gabled
TopViewx-80.321379x25.582905.png	None
TopViewx-80.321535x25.575457.png	gabled
TopViewx-80.321572x25.628607.png	None
TopViewx-80.321604x25.675537.png	None
TopViewx-80.321609x25.582596.png	gabled
TopViewx-80.321699x25.609914.png	None
TopViewx-80.321709x25.634727.png	gabled
TopViewx-80.321910x25.614922.png	gabled
TopViewx-80.321958x25.576161.png	gabled
TopViewx-80.322006x25.629104.png	hipped
TopViewx-80.322086x25.630740.png	flat
TopViewx-80.322090x25.610752.png	None
TopViewx-80.322094x25.598297.png	gabled
TopViewx-80.322121x25.679634.png	hipped
TopViewx-80.322128x25.597901.png	gabled
TopViewx-80.322128x25.675242.png	None
TopViewx-80.322163x25.681483.png	hipped
TopViewx-80.322222x25.620809.png	hipped
TopViewx-80.322327x25.681753.png	None
TopViewx-80.322456x25.596157.png	gabled
TopViewx-80.322460x25.584066.png	gabled
TopViewx-80.322482x25.678862.png	None
TopViewx-80.322559x25.642076.png	None
TopViewx-80.322650x25.583533.png	None
TopViewx-80.322689x25.628578.png	hipped
TopViewx-80.322693x25.686798.png	None
TopViewx-80.322696x25.683256.png	gabled
TopViewx-80.322716x25.674877.png	None
TopViewx-80.322828x25.597909.png	gabled
TopViewx-80.322916x25.606650.png	None
TopViewx-80.322955x25.689782.png	None
TopViewx-80.322961x25.687447.png	None
TopViewx-80.323023x25.684384.png	None
TopViewx-80.323088x25.669500.png	None
TopViewx-80.323181x25.585297.png	hipped
TopViewx-80.323270x25.679926.png	None
TopViewx-80.323336x25.678024.png	None
TopViewx-80.323376x25.673266.png	None
TopViewx-80.323444x25.688833.png	None
TopViewx-80.323511x25.578040.png	gabled
TopViewx-80.323523x25.669501.png	gabled
TopViewx-80.323632x25.687464.png	gabled
TopViewx-80.323691x25.609862.png	hipped
TopViewx-80.323748x25.679083.png	None
TopViewx-80.323761x25.578039.png	gabled
TopViewx-80.323824x25.584441.png	gabled
TopViewx-80.323936x25.570804.png	flat
TopViewx-80.323940x25.680627.png	None
TopViewx-80.324061x25.591302.png	hipped
TopViewx-80.324159x25.594823.png	gabled
TopViewx-80.324185x25.633547.png	None
TopViewx-80.324209x25.690331.png	None
TopViewx-80.324250x25.578343.png	gabled
TopViewx-80.324251x25.676139.png	gabled
TopViewx-80.324265x25.578031.png	gabled
TopViewx-80.324307x25.690843.png	None
TopViewx-80.324323x25.687755.png	None
TopViewx-80.324367x25.638115.png	gabled
TopViewx-80.324490x25.589044.png	gabled
TopViewx-80.324498x25.671213.png	gabled
TopViewx-80.324557x25.681874.png	gabled
TopViewx-80.324565x25.683118.png	None
TopViewx-80.324648x25.677055.png	None
TopViewx-80.324712x25.577310.png	gabled
TopViewx-80.324765x25.581919.png	gabled
TopViewx-80.324778x25.581265.png	gabled
TopViewx-80.324787x25.581700.png	gabled
TopViewx-80.324840x25.613644.png	hipped
TopViewx-80.325014x25.583990.png	gabled
TopViewx-80.325040x25.683108.png	hipped
TopViewx-80.325144x25.671359.png	gabled
TopViewx-80.325180x25.674427.png	hipped
TopViewx-80.325204x25.675390.png	gabled
TopViewx-80.325214x25.581185.png	gabled
TopViewx-80.325228x25.671082.png	gabled
TopViewx-80.325230x25.581660.png	gabled
TopViewx-80.325289x25.596113.png	gabled
TopViewx-80.325314x25.679098.png	hipped
TopViewx-80.325368x25.636064.png	None
TopViewx-80.325410x25.615888.png	None
TopViewx-80.325455x25.679835.png	None
TopViewx-80.325488x25.583817.png	gabled
TopViewx-80.325505x25.672082.png	gabled
TopViewx-80.325548x25.670812.png	gabled
TopViewx-80.325601x25.611139.png	None
TopViewx-80.325623x25.680556.png	None
TopViewx-80.325643x25.596954.png	gabled
TopViewx-80.325651x25.589519.png	gabled
TopViewx-80.325675x25.593931.png	gabled
TopViewx-80.325726x25.580363.png	gabled
TopViewx-80.325858x25.582210.png	gabled
TopViewx-80.325960x25.605939.png	None
TopViewx-80.325997x25.582019.png	gabled
TopViewx-80.326041x25.682123.png	None
TopViewx-80.326055x25.638743.png	None
TopViewx-80.326227x25.580444.png	gabled
TopViewx-80.326302x25.575383.png	None
TopViewx-80.326337x25.603199.png	None
TopViewx-80.326438x25.668116.png	None
TopViewx-80.326538x25.597565.png	gabled
TopViewx-80.326694x25.678490.png	None
TopViewx-80.326714x25.691568.png	None
TopViewx-80.326836x25.690850.png	None
TopViewx-80.326951x25.594284.png	gabled
TopViewx-80.327008x25.681618.png	gabled
TopViewx-80.327060x25.662889.png	gabled
TopViewx-80.327062x25.618545.png	hipped
TopViewx-80.327087x25.593828.png	gabled
TopViewx-80.327089x25.684107.png	gabled
TopViewx-80.327107x25.609503.png	gabled
TopViewx-80.327167x25.573711.png	None
TopViewx-80.327204x25.634544.png	gabled
TopViewx-80.327326x25.573701.png	None
TopViewx-80.327417x25.661345.png	gabled
TopViewx-80.327466x25.580848.png	gabled
TopViewx-80.327497x25.679895.png	gabled
TopViewx-80.327587x25.580064.png	gabled
TopViewx-80.327660x25.642009.png	None
TopViewx-80.327662x25.670207.png	gabled
TopViewx-80.327664x25.574796.png	None
TopViewx-80.327675x25.581277.png	gabled
TopViewx-80.327699x25.673916.png	gabled
TopViewx-80.327719x25.582528.png	gabled
TopViewx-80.327783x25.659209.png	hipped
TopViewx-80.327801x25.687840.png	None
TopViewx-80.327921x25.630256.png	gabled
TopViewx-80.327956x25.585227.png	gabled
TopViewx-80.328050x25.629488.png	gabled
TopViewx-80.328058x25.667844.png	hipped
TopViewx-80.328077x25.686205.png	None
TopViewx-80.328087x25.685365.png	gabled
TopViewx-80.328162x25.596414.png	None
TopViewx-80.328182x25.595267.png	gabled
TopViewx-80.328188x25.675809.png	None
TopViewx-80.328455x25.624346.png	gabled
TopViewx-80.328513x25.689933.png	None
TopViewx-80.328590x25.641390.png	gabled
TopViewx-80.328591x25.680306.png	None
TopViewx-80.328691x25.684798.png	None
TopViewx-80.328693x25.671255.png	None
TopViewx-80.328758x25.673512.png	None
TopViewx-80.328782x25.602374.png	hipped
TopViewx-80.328805x25.624347.png	gabled
TopViewx-80.328820x25.691620.png	None
TopViewx-80.328871x25.600020.png	None
TopViewx-80.328884x25.604858.png	gabled
TopViewx-80.329019x25.659823.png	gabled
TopViewx-80.329053x25.579510.png	gabled
TopViewx-80.329073x25.675270.png	None
TopViewx-80.329089x25.609102.png	gabled
TopViewx-80.329180x25.669389.png	None
TopViewx-80.329187x25.589671.png	None
TopViewx-80.329214x25.629858.png	None
TopViewx-80.329259x25.571338.png	None
TopViewx-80.329266x25.673021.png	gabled
TopViewx-80.329296x25.636985.png	None
TopViewx-80.329318x25.659859.png	None
TopViewx-80.329329x25.691466.png	None
TopViewx-80.329333x25.620732.png	hipped
TopViewx-80.329516x25.595637.png	None
TopViewx-80.329526x25.612662.png	None
TopViewx-80.329642x25.627105.png	gabled
TopViewx-80.329668x25.661993.png	gabled
TopViewx-80.329716x25.685916.png	None
TopViewx-80.329750x25.690384.png	None
TopViewx-80.329822x25.598269.png	flat
TopViewx-80.329825x25.656250.png	None
TopViewx-80.329875x25.632360.png	gabled
TopViewx-80.329909x25.567741.png	None
TopViewx-80.329940x25.678449.png	gabled
TopViewx-80.329965x25.672600.png	gabled
TopViewx-80.329972x25.665262.png	None
TopViewx-80.329990x25.659534.png	gabled
TopViewx-80.330037x25.629480.png	gabled
TopViewx-80.330142x25.689612.png	gabled
TopViewx-80.330144x25.668303.png	None
TopViewx-80.330147x25.665122.png	None
TopViewx-80.330173x25.678834.png	gabled
TopViewx-80.330196x25.625224.png	gabled
TopViewx-80.330249x25.683588.png	hipped
TopViewx-80.330250x25.679810.png	None
TopViewx-80.330329x25.600722.png	None
TopViewx-80.330333x25.659366.png	None
TopViewx-80.330346x25.691437.png	gabled
TopViewx-80.330406x25.654458.png	None
TopViewx-80.330407x25.676984.png	gabled
TopViewx-80.330426x25.573425.png	gabled
TopViewx-80.330452x25.686683.png	gabled
TopViewx-80.330595x25.683390.png	None
TopViewx-80.330604x25.687831.png	gabled
TopViewx-80.330646x25.623827.png	None
TopViewx-80.330647x25.612758.png	gabled
TopViewx-80.330812x25.579321.png	None
TopViewx-80.330843x25.675636.png	gabled
TopViewx-80.330856x25.637204.png	None
TopViewx-80.330859x25.652359.png	None
TopViewx-80.330863x25.652075.png	None
TopViewx-80.330887x25.599814.png	None
TopViewx-80.330917x25.621523.png	None
TopViewx-80.331010x25.690304.png	gabled
TopViewx-80.331019x25.623834.png	gabled
TopViewx-80.331020x25.651738.png	None
TopViewx-80.331227x25.634438.png	gabled
TopViewx-80.331253x25.616918.png	None
TopViewx-80.331269x25.628632.png	gabled
TopViewx-80.331284x25.656165.png	None
TopViewx-80.331287x25.638091.png	None
TopViewx-80.331291x25.653265.png	None
TopViewx-80.331296x25.690300.png	None
TopViewx-80.331329x25.674175.png	gabled
TopViewx-80.331349x25.595661.png	gabled
TopViewx-80.331408x25.659128.png	None
TopViewx-80.331436x25.654038.png	None
TopViewx-80.331498x25.670052.png	None
TopViewx-80.331514x25.661062.png	flat
TopViewx-80.331606x25.659039.png	None
TopViewx-80.331649x25.655381.png	gabled
TopViewx-80.331649x25.657430.png	None
TopViewx-80.331767x25.673834.png	gabled
TopViewx-80.331773x25.643647.png	hipped
TopViewx-80.331850x25.670958.png	gabled
TopViewx-80.331858x25.683011.png	hipped
TopViewx-80.331953x25.686686.png	None
TopViewx-80.332034x25.671927.png	gabled
TopViewx-80.332038x25.566422.png	hipped
TopViewx-80.332077x25.690262.png	gabled
TopViewx-80.332091x25.687407.png	gabled
TopViewx-80.332158x25.584873.png	gabled
TopViewx-80.332171x25.584266.png	gabled
TopViewx-80.332171x25.668564.png	gabled
TopViewx-80.332178x25.585903.png	gabled
TopViewx-80.332189x25.583844.png	gabled
TopViewx-80.332216x25.671488.png	gabled
TopViewx-80.332253x25.589274.png	gabled
TopViewx-80.332293x25.595377.png	gabled
TopViewx-80.332351x25.598823.png	gabled
TopViewx-80.332404x25.675866.png	hipped
TopViewx-80.332467x25.658456.png	hipped
TopViewx-80.332471x25.620483.png	hipped
TopViewx-80.332496x25.583634.png	gabled
TopViewx-80.332498x25.665368.png	hipped
TopViewx-80.332501x25.670553.png	gabled
TopViewx-80.332565x25.603918.png	hipped
TopViewx-80.332574x25.587095.png	gabled
TopViewx-80.332578x25.622879.png	hipped
TopViewx-80.332587x25.653733.png	None
TopViewx-80.332611x25.595804.png	gabled
TopViewx-80.332629x25.605918.png	gabled
TopViewx-80.332632x25.679454.png	None
TopViewx-80.332645x25.674682.png	gabled
TopViewx-80.332697x25.592732.png	gabled
TopViewx-80.332715x25.598469.png	gabled
TopViewx-80.332731x25.636688.png	gabled
TopViewx-80.332732x25.596216.png	gabled
TopViewx-80.332809x25.670057.png	None
TopViewx-80.332833x25.681934.png	hipped
TopViewx-80.332875x25.689439.png	gabled
TopViewx-80.332940x25.589642.png	gabled
TopViewx-80.332950x25.651537.png	None
TopViewx-80.332957x25.585275.png	gabled
TopViewx-80.332958x25.651852.png	gabled
TopViewx-80.332986x25.613699.png	gabled
TopViewx-80.332994x25.652567.png	gabled
TopViewx-80.333004x25.582150.png	gabled
TopViewx-80.333034x25.662768.png	gabled
TopViewx-80.333087x25.614671.png	None
TopViewx-80.333158x25.663454.png	gabled
TopViewx-80.333161x25.671464.png	gabled
TopViewx-80.333163x25.592720.png	gabled
TopViewx-80.333166x25.600321.png	gabled
TopViewx-80.333170x25.626987.png	gabled
TopViewx-80.333174x25.567481.png	None
TopViewx-80.333200x25.626389.png	None
TopViewx-80.333257x25.653283.png	gabled
TopViewx-80.333312x25.585888.png	gabled
TopViewx-80.333322x25.586339.png	gabled
TopViewx-80.333327x25.659390.png	hipped
TopViewx-80.333483x25.653679.png	None
TopViewx-80.333525x25.655602.png	gabled
TopViewx-80.333586x25.657809.png	gabled
TopViewx-80.333597x25.580558.png	gabled
TopViewx-80.333631x25.640882.png	None
TopViewx-80.333774x25.675139.png	None
TopViewx-80.333787x25.620575.png	gabled
TopViewx-80.333790x25.582363.png	gabled
TopViewx-80.333792x25.560813.png	None
TopViewx-80.333836x25.609264.png	gabled
TopViewx-80.333884x25.628789.png	gabled
TopViewx-80.333885x25.689891.png	gabled
TopViewx-80.333899x25.651075.png	None
TopViewx-80.333915x25.621077.png	None
TopViewx-80.333945x25.647692.png	flat
TopViewx-80.333983x25.622774.png	gabled
TopViewx-80.333996x25.585749.png	hipped
TopViewx-80.334090x25.664942.png	hipped
TopViewx-80.334113x25.658149.png	None
TopViewx-80.334213x25.652971.png	gabled
TopViewx-80.334255x25.608488.png	gabled
TopViewx-80.334290x25.622966.png	None
TopViewx-80.334308x25.594092.png	hipped
TopViewx-80.334353x25.673254.png	None
TopViewx-80.334414x25.681227.png	hipped
TopViewx-80.334461x25.612701.png	gabled
TopViewx-80.334488x25.679592.png	None
TopViewx-80.334647x25.580916.png	gabled
TopViewx-80.334736x25.584109.png	gabled
TopViewx-80.334772x25.594075.png	gabled
TopViewx-80.334788x25.569675.png	hipped
TopViewx-80.334799x25.670947.png	gabled
TopViewx-80.334837x25.674173.png	gabled
TopViewx-80.334896x25.570680.png	None
TopViewx-80.335008x25.555391.png	None
TopViewx-80.335070x25.631102.png	gabled
TopViewx-80.335143x25.602174.png	gabled
TopViewx-80.335264x25.609291.png	gabled
TopViewx-80.335296x25.598129.png	gabled
TopViewx-80.335417x25.632490.png	gabled
TopViewx-80.335420x25.667670.png	None
TopViewx-80.335579x25.671892.png	None
TopViewx-80.335586x25.663611.png	None
TopViewx-80.335665x25.595960.png	gabled
TopViewx-80.335669x25.688658.png	gabled
TopViewx-80.335694x25.665627.png	None
TopViewx-80.335703x25.584577.png	gabled
TopViewx-80.335704x25.678518.png	gabled
TopViewx-80.335706x25.584367.png	gabled
TopViewx-80.335714x25.584814.png	gabled
TopViewx-80.335722x25.589432.png	gabled
TopViewx-80.335728x25.564551.png	hipped
TopViewx-80.335733x25.606328.png	hipped
TopViewx-80.335763x25.593970.png	gabled
TopViewx-80.335797x25.668141.png	gabled
TopViewx-80.335798x25.681495.png	flat
TopViewx-80.335825x25.628685.png	None
TopViewx-80.335881x25.570081.png	hipped
TopViewx-80.335973x25.630647.png	gabled
TopViewx-80.335980x25.669488.png	None
TopViewx-80.336014x25.613709.png	hipped
TopViewx-80.336014x25.619771.png	hipped
TopViewx-80.336088x25.565241.png	hipped
TopViewx-80.336223x25.612045.png	None
TopViewx-80.336293x25.607705.png	gabled
TopViewx-80.336318x25.619940.png	hipped
TopViewx-80.336339x25.688641.png	hipped
TopViewx-80.336342x25.679533.png	None
TopViewx-80.336375x25.565226.png	hipped
TopViewx-80.336396x25.582332.png	None
TopViewx-80.336431x25.595298.png	gabled
TopViewx-80.336554x25.622957.png	gabled
TopViewx-80.336561x25.676106.png	None
TopViewx-80.336683x25.686010.png	None
TopViewx-80.336692x25.636976.png	flat
TopViewx-80.336724x25.585567.png	gabled
TopViewx-80.336737x25.671154.png	None
TopViewx-80.336760x25.636853.png	flat
TopViewx-80.336794x25.669034.png	gabled
TopViewx-80.336800x25.601785.png	None
TopViewx-80.336825x25.566353.png	hipped
TopViewx-80.336877x25.580532.png	gabled
TopViewx-80.336903x25.584560.png	None
TopViewx-80.336941x25.609674.png	gabled
TopViewx-80.336985x25.573777.png	None
TopViewx-80.337067x25.582621.png	gabled
TopViewx-80.337090x25.573279.png	None
TopViewx-80.337124x25.556165.png	hipped
TopViewx-80.337135x25.568942.png	hipped
TopViewx-80.337151x25.639733.png	flat
TopViewx-80.337167x25.605017.png	gabled
TopViewx-80.337218x25.652241.png	None
TopViewx-80.337218x25.661891.png	None
TopViewx-80.337294x25.651628.png	None
TopViewx-80.337306x25.601471.png	gabled
TopViewx-80.337328x25.657216.png	None
TopViewx-80.337352x25.651369.png	gabled
TopViewx-80.337396x25.689967.png	gabled
TopViewx-80.337403x25.580147.png	gabled
TopViewx-80.337431x25.651632.png	None
TopViewx-80.337476x25.597769.png	gabled
TopViewx-80.337520x25.582287.png	gabled
TopViewx-80.337563x25.564216.png	hipped
TopViewx-80.337590x25.588479.png	gabled
TopViewx-80.337631x25.654036.png	gabled
TopViewx-80.337747x25.674047.png	None
TopViewx-80.337798x25.556099.png	hipped
TopViewx-80.337803x25.555507.png	hipped
TopViewx-80.337867x25.592567.png	None
TopViewx-80.337867x25.689758.png	gabled
TopViewx-80.337873x25.612133.png	gabled
TopViewx-80.337883x25.631732.png	gabled
TopViewx-80.337924x25.604654.png	gabled
TopViewx-80.337943x25.658218.png	hipped
TopViewx-80.337989x25.664826.png	hipped
TopViewx-80.337995x25.593490.png	None
TopViewx-80.338099x25.678876.png	None
TopViewx-80.338131x25.578101.png	flat
TopViewx-80.338134x25.604228.png	gabled
TopViewx-80.338169x25.599339.png	None
TopViewx-80.338171x25.643590.png	None
TopViewx-80.338198x25.688609.png	None
TopViewx-80.338206x25.690598.png	gabled
TopViewx-80.338245x25.620093.png	None
TopViewx-80.338342x25.568932.png	None
TopViewx-80.338344x25.571269.png	None
TopViewx-80.338379x25.596332.png	gabled
TopViewx-80.338382x25.655324.png	None
TopViewx-80.338425x25.664133.png	None
TopViewx-80.338486x25.639509.png	None
TopViewx-80.338520x25.661268.png	gabled
TopViewx-80.338527x25.691025.png	gabled
TopViewx-80.338564x25.597514.png	gabled
TopViewx-80.338612x25.592513.png	gabled
TopViewx-80.338630x25.595263.png	gabled
TopViewx-80.338707x25.622130.png	None
TopViewx-80.338778x25.681511.png	hipped
TopViewx-80.338793x25.555144.png	hipped
TopViewx-80.338813x25.671237.png	hipped
TopViewx-80.338833x25.624695.png	gabled
TopViewx-80.338848x25.583982.png	gabled
TopViewx-80.338868x25.575304.png	hipped
TopViewx-80.338908x25.565056.png	hipped
TopViewx-80.338932x25.564907.png	hipped
TopViewx-80.338996x25.667161.png	None
TopViewx-80.339009x25.565853.png	hipped
TopViewx-80.339026x25.601466.png	gabled
TopViewx-80.339047x25.659702.png	None
TopViewx-80.339096x25.571314.png	hipped
TopViewx-80.339100x25.672084.png	gabled
TopViewx-80.339105x25.641261.png	flat
TopViewx-80.339117x25.576214.png	flat
TopViewx-80.339155x25.651338.png	gabled
TopViewx-80.339178x25.593797.png	gabled
TopViewx-80.339179x25.574749.png	hipped
TopViewx-80.339201x25.663203.png	gabled
TopViewx-80.339220x25.689901.png	gabled
TopViewx-80.339232x25.592200.png	gabled
TopViewx-80.339264x25.577949.png	gabled
TopViewx-80.339271x25.592538.png	gabled
TopViewx-80.339271x25.689228.png	gabled
TopViewx-80.339306x25.600331.png	gabled
TopViewx-80.339317x25.671176.png	hipped
TopViewx-80.339320x25.579552.png	gabled
TopViewx-80.339322x25.582548.png	gabled
TopViewx-80.339322x25.617354.png	gabled
TopViewx-80.339331x25.655195.png	None
TopViewx-80.339339x25.579983.png	gabled
TopViewx-80.339346x25.620806.png	hipped
TopViewx-80.339357x25.641474.png	None
TopViewx-80.339362x25.670175.png	None
TopViewx-80.339523x25.597418.png	gabled
TopViewx-80.339528x25.678318.png	None
TopViewx-80.339529x25.644961.png	flat
TopViewx-80.339576x25.602417.png	gabled
TopViewx-80.339584x25.656243.png	None
TopViewx-80.339601x25.675760.png	hipped
TopViewx-80.339643x25.638324.png	gabled
TopViewx-80.339681x25.582820.png	gabled
TopViewx-80.339694x25.592186.png	gabled
TopViewx-80.339754x25.596405.png	gabled
TopViewx-80.339758x25.555747.png	None
TopViewx-80.339758x25.578397.png	gabled
TopViewx-80.339788x25.580646.png	gabled
TopViewx-80.339830x25.593569.png	gabled
TopViewx-80.339867x25.639020.png	gabled
TopViewx-80.339895x25.596562.png	gabled
TopViewx-80.339938x25.592164.png	gabled
TopViewx-80.339948x25.556483.png	hipped
TopViewx-80.339969x25.587066.png	gabled
TopViewx-80.340001x25.594341.png	None
TopViewx-80.340002x25.637600.png	None
TopViewx-80.340012x25.673629.png	hipped
TopViewx-80.340031x25.621170.png	hipped
TopViewx-80.340074x25.596751.png	gabled
TopViewx-80.340085x25.652028.png	gabled
TopViewx-80.340245x25.648248.png	None
TopViewx-80.340291x25.662563.png	gabled
TopViewx-80.340315x25.587448.png	gabled
TopViewx-80.340339x25.588013.png	gabled
TopViewx-80.340357x25.666127.png	None
TopViewx-80.340410x25.645967.png	flat
TopViewx-80.340414x25.658204.png	gabled
TopViewx-80.340430x25.585778.png	gabled
TopViewx-80.340529x25.573079.png	hipped
TopViewx-80.340577x25.572295.png	None
TopViewx-80.340593x25.579689.png	gabled
TopViewx-80.340696x25.670214.png	None
TopViewx-80.340702x25.639365.png	hipped
TopViewx-80.340743x25.591500.png	gabled
TopViewx-80.340748x25.589910.png	gabled
TopViewx-80.340748x25.652403.png	None
TopViewx-80.340793x25.598079.png	gabled
TopViewx-80.340813x25.688175.png	None
TopViewx-80.340823x25.556048.png	hipped
TopViewx-80.340857x25.593849.png	gabled
TopViewx-80.340875x25.654567.png	None
TopViewx-80.340891x25.576551.png	gabled
TopViewx-80.340945x25.690960.png	gabled
TopViewx-80.340970x25.648534.png	None
TopViewx-80.341006x25.624803.png	None
TopViewx-80.341027x25.679787.png	None
TopViewx-80.341078x25.613420.png	None
TopViewx-80.341123x25.661130.png	hipped
TopViewx-80.341125x25.582592.png	None
TopViewx-80.341134x25.573755.png	None
TopViewx-80.341231x25.585452.png	gabled
TopViewx-80.341245x25.556127.png	hipped
TopViewx-80.341255x25.595702.png	gabled
TopViewx-80.341264x25.556015.png	hipped
TopViewx-80.341328x25.653230.png	gabled
TopViewx-80.341351x25.655211.png	None
TopViewx-80.341415x25.648641.png	None
TopViewx-80.341450x25.592179.png	gabled
TopViewx-80.341462x25.671722.png	hipped
TopViewx-80.341469x25.596467.png	gabled
TopViewx-80.341487x25.614452.png	gabled
TopViewx-80.341520x25.648956.png	None
TopViewx-80.341521x25.576855.png	gabled
TopViewx-80.341584x25.690949.png	None
TopViewx-80.341591x25.587112.png	None
TopViewx-80.341618x25.688146.png	None
TopViewx-80.341637x25.597615.png	gabled
TopViewx-80.341658x25.598265.png	gabled
TopViewx-80.341674x25.598688.png	gabled
TopViewx-80.341680x25.594185.png	gabled
TopViewx-80.341683x25.636583.png	hipped
TopViewx-80.341687x25.678178.png	None
TopViewx-80.341722x25.637586.png	None
TopViewx-80.341750x25.681102.png	None
TopViewx-80.341806x25.659039.png	None
TopViewx-80.341826x25.591896.png	None
TopViewx-80.341858x25.653634.png	None
TopViewx-80.341864x25.657100.png	None
TopViewx-80.341915x25.676272.png	None
TopViewx-80.341919x25.578236.png	gabled
TopViewx-80.341926x25.662515.png	None
TopViewx-80.341937x25.669060.png	None
TopViewx-80.341952x25.588910.png	gabled
TopViewx-80.341980x25.618176.png	hipped
TopViewx-80.342002x25.591616.png	gabled
TopViewx-80.342036x25.612028.png	None
TopViewx-80.342041x25.661809.png	gabled
TopViewx-80.342043x25.580742.png	gabled
TopViewx-80.342172x25.647162.png	gabled
TopViewx-80.342217x25.633775.png	flat
TopViewx-80.342246x25.648020.png	None
TopViewx-80.342255x25.664998.png	None
TopViewx-80.342268x25.587195.png	gabled
TopViewx-80.342297x25.676540.png	hipped
TopViewx-80.342299x25.651969.png	hipped
TopViewx-80.342311x25.596098.png	gabled
TopViewx-80.342315x25.577801.png	gabled
TopViewx-80.342332x25.588650.png	gabled
TopViewx-80.342358x25.560916.png	None
TopViewx-80.342393x25.637023.png	None
TopViewx-80.342420x25.613639.png	gabled
TopViewx-80.342470x25.616384.png	gabled
TopViewx-80.342494x25.617571.png	None
TopViewx-80.342502x25.592005.png	gabled
TopViewx-80.342534x25.635888.png	None
TopViewx-80.342563x25.612039.png	hipped
TopViewx-80.342704x25.688077.png	gabled
TopViewx-80.342744x25.598654.png	gabled
TopViewx-80.342792x25.605157.png	None
TopViewx-80.342801x25.680921.png	None
TopViewx-80.342885x25.682006.png	None
TopViewx-80.342907x25.649457.png	None
TopViewx-80.343041x25.586716.png	gabled
TopViewx-80.343046x25.607441.png	None
TopViewx-80.343094x25.678214.png	gabled
TopViewx-80.343098x25.580910.png	None
TopViewx-80.343174x25.638284.png	hipped
TopViewx-80.343191x25.596693.png	gabled
TopViewx-80.343192x25.661169.png	gabled
TopViewx-80.343220x25.589883.png	gabled
TopViewx-80.343254x25.664354.png	hipped
TopViewx-80.343281x25.633741.png	hipped
TopViewx-80.343293x25.587774.png	gabled
TopViewx-80.343301x25.667090.png	None
TopViewx-80.343319x25.611992.png	gabled
TopViewx-80.343319x25.638632.png	None
TopViewx-80.343383x25.587159.png	gabled
TopViewx-80.343433x25.667504.png	None
TopViewx-80.343491x25.644803.png	None
TopViewx-80.343568x25.597218.png	None
TopViewx-80.343576x25.668203.png	None
TopViewx-80.343599x25.588130.png	gabled
TopViewx-80.343657x25.649639.png	None
TopViewx-80.343661x25.634147.png	None
TopViewx-80.343674x25.589863.png	gabled
TopViewx-80.343680x25.584631.png	gabled
TopViewx-80.343693x25.578930.png	gabled
TopViewx-80.343742x25.576306.png	gabled
TopViewx-80.343748x25.560506.png	hipped
TopViewx-80.343775x25.676632.png	None
TopViewx-80.343836x25.660564.png	hipped
TopViewx-80.343896x25.592683.png	gabled
TopViewx-80.343908x25.636741.png	None
TopViewx-80.343941x25.608987.png	hipped
TopViewx-80.343951x25.592038.png	gabled
TopViewx-80.343966x25.683522.png	None
TopViewx-80.343981x25.674172.png	None
TopViewx-80.343998x25.683053.png	None
TopViewx-80.343999x25.606042.png	None
TopViewx-80.344075x25.581080.png	gabled
TopViewx-80.344091x25.671034.png	None
TopViewx-80.344114x25.574357.png	gabled
TopViewx-80.344125x25.568523.png	None
TopViewx-80.344249x25.598610.png	gabled
TopViewx-80.344304x25.637555.png	None
TopViewx-80.344308x25.652561.png	gabled
TopViewx-80.344352x25.653566.png	None
TopViewx-80.344364x25.639324.png	None
TopViewx-80.344392x25.586596.png	None
TopViewx-80.344440x25.585853.png	gabled
TopViewx-80.344443x25.614457.png	None
TopViewx-80.344451x25.563361.png	hipped
TopViewx-80.344477x25.588413.png	hipped
TopViewx-80.344487x25.584951.png	gabled
TopViewx-80.344591x25.613131.png	gabled
TopViewx-80.344622x25.592655.png	gabled
TopViewx-80.344638x25.632285.png	hipped
TopViewx-80.344643x25.584747.png	gabled
TopViewx-80.344646x25.576362.png	None
TopViewx-80.344662x25.588604.png	gabled
TopViewx-80.344669x25.688920.png	gabled
TopViewx-80.344682x25.633849.png	None
TopViewx-80.344709x25.640087.png	None
TopViewx-80.344777x25.679314.png	None
TopViewx-80.344784x25.613799.png	None
TopViewx-80.344812x25.589885.png	gabled
TopViewx-80.344831x25.594009.png	gabled
TopViewx-80.344831x25.602517.png	None
TopViewx-80.344870x25.567486.png	gabled
TopViewx-80.344898x25.597381.png	gabled
TopViewx-80.344948x25.672639.png	None
TopViewx-80.344961x25.686725.png	None
TopViewx-80.345022x25.637503.png	None
TopViewx-80.345046x25.595213.png	gabled
TopViewx-80.345342x25.587028.png	gabled
TopViewx-80.345353x25.634099.png	None
TopViewx-80.345391x25.577384.png	hipped
TopViewx-80.345400x25.561926.png	hipped
TopViewx-80.345401x25.662724.png	gabled
TopViewx-80.345418x25.578264.png	gabled
TopViewx-80.345499x25.688900.png	gabled
TopViewx-80.345539x25.663449.png	hipped
TopViewx-80.345577x25.608621.png	gabled
TopViewx-80.345621x25.656131.png	None
TopViewx-80.345668x25.598060.png	gabled
TopViewx-80.345687x25.633392.png	gabled
TopViewx-80.345697x25.574082.png	None
TopViewx-80.345726x25.637754.png	gabled
TopViewx-80.345776x25.593640.png	gabled
TopViewx-80.345791x25.592182.png	gabled
TopViewx-80.345822x25.645025.png	gabled
TopViewx-80.345869x25.670956.png	None
TopViewx-80.345931x25.574073.png	gabled
TopViewx-80.345944x25.586663.png	gabled
TopViewx-80.345950x25.575388.png	None
TopViewx-80.346003x25.672697.png	None
TopViewx-80.346060x25.683735.png	None
TopViewx-80.346065x25.600511.png	None
TopViewx-80.346168x25.645027.png	gabled
TopViewx-80.346198x25.630868.png	hipped
TopViewx-80.346232x25.676444.png	None
TopViewx-80.346254x25.594842.png	gabled
TopViewx-80.346380x25.599804.png	gabled
TopViewx-80.346420x25.585251.png	gabled
TopViewx-80.346443x25.580693.png	gabled
TopViewx-80.346711x25.589437.png	gabled
TopViewx-80.346715x25.585750.png	gabled
TopViewx-80.346736x25.567420.png	gabled
TopViewx-80.346747x25.567738.png	gabled
TopViewx-80.346780x25.593042.png	gabled
TopViewx-80.346882x25.661760.png	gabled
TopViewx-80.346917x25.591993.png	gabled
TopViewx-80.347043x25.566271.png	gabled
TopViewx-80.347198x25.600689.png	gabled
TopViewx-80.347227x25.688954.png	None
TopViewx-80.347256x25.566939.png	gabled
TopViewx-80.347277x25.662340.png	None
TopViewx-80.347278x25.586789.png	hipped
TopViewx-80.347369x25.594108.png	gabled
TopViewx-80.347383x25.674369.png	None
TopViewx-80.347408x25.599847.png	None
TopViewx-80.347413x25.560635.png	hipped
TopViewx-80.347421x25.567752.png	hipped
TopViewx-80.347437x25.561380.png	None
TopViewx-80.347461x25.583570.png	None
TopViewx-80.347464x25.658817.png	gabled
TopViewx-80.347478x25.676357.png	None
TopViewx-80.347511x25.595821.png	flat
TopViewx-80.347549x25.677093.png	None
TopViewx-80.347551x25.675555.png	None
TopViewx-80.347577x25.588112.png	None
TopViewx-80.347636x25.684921.png	gabled
TopViewx-80.347720x25.633573.png	None
TopViewx-80.347720x25.644985.png	gabled
TopViewx-80.347802x25.589239.png	gabled
TopViewx-80.347803x25.591929.png	gabled
TopViewx-80.347803x25.650335.png	None
TopViewx-80.347806x25.589459.png	gabled
TopViewx-80.347876x25.587799.png	gabled
TopViewx-80.347906x25.672428.png	None
TopViewx-80.347913x25.648505.png	None
TopViewx-80.347934x25.580831.png	gabled
TopViewx-80.347983x25.651257.png	None
TopViewx-80.347987x25.652064.png	None
TopViewx-80.348011x25.578559.png	gabled
TopViewx-80.348065x25.684927.png	gabled
TopViewx-80.348085x25.579472.png	None
TopViewx-80.348093x25.563206.png	gabled
TopViewx-80.348095x25.630851.png	gabled
TopViewx-80.348107x25.564438.png	gabled
TopViewx-80.348119x25.582230.png	gabled
TopViewx-80.348151x25.675163.png	gabled
TopViewx-80.348162x25.565123.png	gabled
TopViewx-80.348217x25.561424.png	hipped
TopViewx-80.348235x25.643851.png	gabled
TopViewx-80.348417x25.692042.png	None
TopViewx-80.348436x25.571640.png	gabled
TopViewx-80.348498x25.598162.png	flat
TopViewx-80.348504x25.566850.png	gabled
TopViewx-80.348526x25.580131.png	gabled
TopViewx-80.348541x25.568885.png	gabled
TopViewx-80.348546x25.672591.png	None
TopViewx-80.348550x25.644976.png	None
TopViewx-80.348582x25.596616.png	gabled
TopViewx-80.348582x25.663122.png	None
TopViewx-80.348742x25.580040.png	gabled
TopViewx-80.348828x25.668463.png	gabled
TopViewx-80.348844x25.646397.png	gabled
TopViewx-80.348955x25.683326.png	gabled
TopViewx-80.348969x25.570489.png	gabled
TopViewx-80.348992x25.638665.png	None
TopViewx-80.349001x25.578039.png	gabled
TopViewx-80.349105x25.600630.png	None
TopViewx-80.349106x25.580188.png	gabled
TopViewx-80.349113x25.584397.png	gabled
TopViewx-80.349129x25.631969.png	hipped
TopViewx-80.349136x25.593337.png	gabled
TopViewx-80.349186x25.595168.png	gabled
TopViewx-80.349202x25.570474.png	gabled
TopViewx-80.349230x25.575688.png	gabled
TopViewx-80.349340x25.634002.png	hipped
TopViewx-80.349349x25.633566.png	None
TopViewx-80.349381x25.651372.png	hipped
TopViewx-80.349398x25.678060.png	None
TopViewx-80.349456x25.575297.png	gabled
TopViewx-80.349458x25.649775.png	gabled
TopViewx-80.349596x25.677041.png	None
TopViewx-80.349626x25.641751.png	hipped
TopViewx-80.349634x25.592442.png	gabled
TopViewx-80.349656x25.638860.png	hipped
TopViewx-80.349664x25.646406.png	None
TopViewx-80.349711x25.686629.png	None
TopViewx-80.349720x25.648188.png	None
TopViewx-80.349753x25.563577.png	gabled
TopViewx-80.349798x25.571318.png	gabled
TopViewx-80.349801x25.592080.png	gabled
TopViewx-80.349806x25.578851.png	gabled
TopViewx-80.349830x25.570645.png	gabled
TopViewx-80.349892x25.575095.png	None
TopViewx-80.349934x25.580696.png	None
TopViewx-80.349936x25.581098.png	gabled
TopViewx-80.349948x25.657470.png	hipped
TopViewx-80.349982x25.591310.png	gabled
TopViewx-80.349985x25.589989.png	gabled
TopViewx-80.350033x25.690898.png	None
TopViewx-80.350071x25.682696.png	gabled
TopViewx-80.350080x25.567027.png	gabled
TopViewx-80.350103x25.582753.png	gabled
TopViewx-80.350213x25.656509.png	hipped
TopViewx-80.350267x25.593001.png	gabled
TopViewx-80.350287x25.559796.png	None
TopViewx-80.350301x25.651357.png	hipped
TopViewx-80.350375x25.681390.png	None
TopViewx-80.350457x25.681761.png	None
TopViewx-80.350478x25.579938.png	None
TopViewx-80.350502x25.567428.png	gabled
TopViewx-80.350675x25.570026.png	gabled
TopViewx-80.350724x25.590160.png	gabled
TopViewx-80.350754x25.595177.png	gabled
TopViewx-80.350761x25.586839.png	gabled
TopViewx-80.350796x25.586304.png	gabled
TopViewx-80.350797x25.594962.png	gabled
TopViewx-80.350813x25.647458.png	None
TopViewx-80.350890x25.579230.png	gabled
TopViewx-80.350946x25.590992.png	gabled
TopViewx-80.350985x25.576953.png	None
TopViewx-80.350994x25.656853.png	None
TopViewx-80.351076x25.690911.png	gabled
TopViewx-80.351105x25.593272.png	gabled
TopViewx-80.351235x25.641931.png	None
TopViewx-80.351241x25.657370.png	gabled
TopViewx-80.351253x25.560320.png	None
TopViewx-80.351374x25.650001.png	None
TopViewx-80.351432x25.666574.png	None
TopViewx-80.351468x25.586876.png	gabled
TopViewx-80.351555x25.560810.png	gabled
TopViewx-80.351601x25.590295.png	gabled
TopViewx-80.351635x25.637610.png	None
TopViewx-80.351676x25.578811.png	gabled
TopViewx-80.351717x25.650008.png	None
TopViewx-80.351736x25.586312.png	gabled
TopViewx-80.351748x25.642702.png	None
TopViewx-80.351768x25.645284.png	gabled
TopViewx-80.351805x25.593755.png	gabled
TopViewx-80.351853x25.635769.png	hipped
TopViewx-80.351863x25.570769.png	gabled
TopViewx-80.351882x25.653844.png	None
TopViewx-80.351908x25.658958.png	None
TopViewx-80.351909x25.689135.png	gabled
TopViewx-80.351933x25.586266.png	gabled
TopViewx-80.351937x25.670032.png	None
TopViewx-80.351978x25.592253.png	gabled
TopViewx-80.352031x25.657544.png	None
TopViewx-80.352068x25.693902.png	gabled
TopViewx-80.352078x25.578202.png	gabled
TopViewx-80.352094x25.672603.png	gabled
TopViewx-80.352150x25.692163.png	gabled
TopViewx-80.352234x25.585535.png	gabled
TopViewx-80.352237x25.658945.png	gabled
TopViewx-80.352255x25.569137.png	gabled
TopViewx-80.352262x25.569744.png	gabled
TopViewx-80.352296x25.687737.png	gabled
TopViewx-80.352298x25.655077.png	gabled
TopViewx-80.352340x25.573653.png	gabled
TopViewx-80.352349x25.688508.png	None
TopViewx-80.352402x25.678696.png	None
TopViewx-80.352505x25.679634.png	None
TopViewx-80.352508x25.587850.png	gabled
TopViewx-80.352517x25.693070.png	gabled
TopViewx-80.352535x25.592377.png	gabled
TopViewx-80.352556x25.583214.png	gabled
TopViewx-80.352560x25.642702.png	None
TopViewx-80.352628x25.591968.png	gabled
TopViewx-80.352705x25.664825.png	None
TopViewx-80.352771x25.579741.png	None
TopViewx-80.352778x25.593626.png	gabled
TopViewx-80.352788x25.576376.png	gabled
TopViewx-80.352845x25.583562.png	gabled
TopViewx-80.352904x25.637770.png	None
TopViewx-80.352954x25.653786.png	None
TopViewx-80.352989x25.631996.png	None
TopViewx-80.353029x25.677608.png	None
TopViewx-80.353051x25.594226.png	None
TopViewx-80.353052x25.661584.png	None
TopViewx-80.353057x25.656279.png	gabled
TopViewx-80.353087x25.583461.png	None
TopViewx-80.353090x25.592143.png	gabled
TopViewx-80.353094x25.578523.png	gabled
TopViewx-80.353114x25.585202.png	gabled
TopViewx-80.353132x25.560878.png	None
TopViewx-80.353137x25.671884.png	None
TopViewx-80.353138x25.567928.png	gabled
TopViewx-80.353198x25.643616.png	None
TopViewx-80.353222x25.590307.png	None
TopViewx-80.353293x25.674057.png	gabled
TopViewx-80.353294x25.691505.png	None
TopViewx-80.353352x25.650389.png	hipped
TopViewx-80.353367x25.651223.png	gabled
TopViewx-80.353393x25.574433.png	None
TopViewx-80.353405x25.572476.png	None
TopViewx-80.353415x25.655411.png	gabled
TopViewx-80.353415x25.688058.png	None
TopViewx-80.353433x25.581428.png	gabled
TopViewx-80.353435x25.657919.png	gabled
TopViewx-80.353457x25.633544.png	None
TopViewx-80.353475x25.660705.png	hipped
TopViewx-80.353491x25.561318.png	None
TopViewx-80.353496x25.660250.png	gabled
TopViewx-80.353511x25.591388.png	hipped
TopViewx-80.353513x25.578701.png	gabled
TopViewx-80.353626x25.638996.png	gabled
TopViewx-80.353672x25.643917.png	gabled
TopViewx-80.353711x25.689394.png	gabled
TopViewx-80.353766x25.652719.png	gabled
TopViewx-80.353807x25.591616.png	gabled
TopViewx-80.353827x25.693808.png	None
TopViewx-80.353835x25.633530.png	None
TopViewx-80.353839x25.569677.png	None
TopViewx-80.353860x25.652351.png	gabled
TopViewx-80.353862x25.658750.png	hipped
TopViewx-80.353915x25.584677.png	gabled
TopViewx-80.353942x25.671730.png	None
TopViewx-80.353943x25.682631.png	None
TopViewx-80.353994x25.581472.png	None
TopViewx-80.353997x25.648500.png	None
TopViewx-80.353998x25.678903.png	None
TopViewx-80.354002x25.639907.png	None
TopViewx-80.354011x25.562851.png	None
TopViewx-80.354144x25.654172.png	gabled
TopViewx-80.354261x25.583371.png	gabled
TopViewx-80.354305x25.665840.png	None
TopViewx-80.354307x25.693082.png	None
TopViewx-80.354318x25.587706.png	gabled
TopViewx-80.354319x25.581988.png	gabled
TopViewx-80.354331x25.651917.png	gabled
TopViewx-80.354336x25.646012.png	None
TopViewx-80.354385x25.661143.png	gabled
TopViewx-80.354404x25.574926.png	None
TopViewx-80.354408x25.563544.png	None
TopViewx-80.354483x25.575366.png	None
TopViewx-80.354494x25.561698.png	None
TopViewx-80.354516x25.568978.png	gabled
TopViewx-80.354544x25.689721.png	None
TopViewx-80.354558x25.579453.png	flat
TopViewx-80.354721x25.642361.png	gabled
TopViewx-80.354737x25.652400.png	None
TopViewx-80.354790x25.578034.png	gabled
TopViewx-80.354812x25.561116.png	None
TopViewx-80.354965x25.576848.png	gabled
TopViewx-80.354975x25.687620.png	flat
TopViewx-80.354980x25.569973.png	gabled
TopViewx-80.355177x25.677521.png	gabled
TopViewx-80.355192x25.575955.png	None
TopViewx-80.355230x25.643554.png	gabled
TopViewx-80.355238x25.559890.png	None
TopViewx-80.355267x25.584624.png	gabled
TopViewx-80.355281x25.586556.png	gabled
TopViewx-80.355371x25.640254.png	None
TopViewx-80.355398x25.585114.png	gabled
TopViewx-80.355490x25.692522.png	hipped
TopViewx-80.355634x25.560199.png	gabled
TopViewx-80.355734x25.692782.png	None
TopViewx-80.355738x25.690421.png	None
TopViewx-80.355793x25.676430.png	gabled
TopViewx-80.355821x25.645444.png	gabled
TopViewx-80.355829x25.633712.png	None
TopViewx-80.355854x25.673908.png	None
TopViewx-80.355865x25.567809.png	None
TopViewx-80.355968x25.692763.png	None
TopViewx-80.355981x25.648486.png	hipped
TopViewx-80.355982x25.635713.png	None
TopViewx-80.356003x25.673266.png	None
TopViewx-80.356077x25.649869.png	hipped
TopViewx-80.356087x25.576612.png	None
TopViewx-80.356105x25.671705.png	flat
TopViewx-80.356121x25.590030.png	hipped
TopViewx-80.356190x25.642698.png	None
TopViewx-80.356197x25.674562.png	gabled
TopViewx-80.356202x25.576735.png	None
TopViewx-80.356208x25.692770.png	None
TopViewx-80.356211x25.656986.png	gabled
TopViewx-80.356273x25.674834.png	gabled
TopViewx-80.356283x25.560522.png	None
TopViewx-80.356287x25.570851.png	None
TopViewx-80.356311x25.584382.png	None
TopViewx-80.356339x25.643584.png	None
TopViewx-80.356354x25.661287.png	gabled
TopViewx-80.356360x25.660974.png	gabled
TopViewx-80.356385x25.574404.png	None
TopViewx-80.356414x25.576926.png	gabled
TopViewx-80.356414x25.673573.png	None
TopViewx-80.356460x25.649840.png	gabled
TopViewx-80.356476x25.636503.png	gabled
TopViewx-80.356518x25.663310.png	None
TopViewx-80.356540x25.695382.png	None
TopViewx-80.356558x25.665075.png	gabled
TopViewx-80.356640x25.636502.png	None
TopViewx-80.356652x25.685809.png	flat
TopViewx-80.356714x25.656945.png	None
TopViewx-80.356722x25.641955.png	None
TopViewx-80.356749x25.583712.png	gabled
TopViewx-80.356787x25.691480.png	None
TopViewx-80.356800x25.693007.png	None
TopViewx-80.356814x25.571992.png	gabled
TopViewx-80.356818x25.661630.png	gabled
TopViewx-80.356825x25.594607.png	flat
TopViewx-80.356872x25.692713.png	None
TopViewx-80.356924x25.662459.png	None
TopViewx-80.356939x25.678098.png	gabled
TopViewx-80.356970x25.683028.png	gabled
TopViewx-80.357043x25.583425.png	gabled
TopViewx-80.357107x25.662553.png	hipped
TopViewx-80.357231x25.636136.png	None
TopViewx-80.357325x25.648464.png	hipped
TopViewx-80.357354x25.577741.png	gabled
TopViewx-80.357363x25.579376.png	gabled
TopViewx-80.357399x25.581750.png	gabled
TopViewx-80.357533x25.646329.png	None
TopViewx-80.357627x25.636119.png	None
TopViewx-80.357672x25.647236.png	gabled
TopViewx-80.357680x25.647656.png	gabled
TopViewx-80.357705x25.641513.png	gabled
TopViewx-80.357786x25.669368.png	hipped
TopViewx-80.357796x25.658942.png	hipped
TopViewx-80.357874x25.584462.png	gabled
TopViewx-80.357881x25.681350.png	None
TopViewx-80.357934x25.574769.png	gabled
TopViewx-80.357972x25.636444.png	None
TopViewx-80.357984x25.586677.png	gabled
TopViewx-80.357985x25.667615.png	gabled
TopViewx-80.358019x25.689814.png	None
TopViewx-80.358022x25.690626.png	None
TopViewx-80.358056x25.644797.png	None
TopViewx-80.358069x25.580027.png	gabled
TopViewx-80.358095x25.670144.png	hipped
TopViewx-80.358141x25.640619.png	gabled
TopViewx-80.358151x25.651442.png	hipped
TopViewx-80.358154x25.641845.png	None
TopViewx-80.358155x25.658323.png	hipped
TopViewx-80.358187x25.591799.png	flat
TopViewx-80.358214x25.652717.png	gabled
TopViewx-80.358251x25.660610.png	None
TopViewx-80.358271x25.655498.png	None
TopViewx-80.358304x25.571061.png	None
TopViewx-80.358312x25.687601.png	None
TopViewx-80.358340x25.663113.png	None
TopViewx-80.358478x25.690420.png	None
TopViewx-80.358507x25.690639.png	flat
TopViewx-80.358549x25.685437.png	gabled
TopViewx-80.358555x25.659623.png	gabled
TopViewx-80.358577x25.635398.png	hipped
TopViewx-80.358621x25.658294.png	None
TopViewx-80.358660x25.684315.png	gabled
TopViewx-80.358668x25.664884.png	gabled
TopViewx-80.358718x25.664699.png	gabled
TopViewx-80.358747x25.641863.png	None
TopViewx-80.358830x25.571488.png	None
TopViewx-80.358944x25.585031.png	gabled
TopViewx-80.358973x25.637002.png	gabled
TopViewx-80.358974x25.579891.png	gabled
TopViewx-80.359001x25.687591.png	None
TopViewx-80.359002x25.665546.png	gabled
TopViewx-80.359130x25.570378.png	hipped
TopViewx-80.359175x25.585923.png	gabled
TopViewx-80.359191x25.652606.png	None
TopViewx-80.359255x25.654436.png	hipped
TopViewx-80.359393x25.696449.png	flat
TopViewx-80.359463x25.581691.png	gabled
TopViewx-80.359579x25.647445.png	None
TopViewx-80.359580x25.578689.png	gabled
TopViewx-80.359595x25.643766.png	hipped
TopViewx-80.359703x25.667620.png	gabled
TopViewx-80.359710x25.656525.png	None
TopViewx-80.359721x25.675483.png	gabled
TopViewx-80.359723x25.586029.png	gabled
TopViewx-80.359811x25.585280.png	gabled
TopViewx-80.359859x25.651569.png	None
TopViewx-80.359884x25.579921.png	gabled
TopViewx-80.359896x25.585894.png	gabled
TopViewx-80.359916x25.665994.png	gabled
TopViewx-80.359986x25.581372.png	gabled
TopViewx-80.359989x25.582157.png	gabled
TopViewx-80.360034x25.645137.png	hipped
TopViewx-80.360034x25.663531.png	gabled
TopViewx-80.360044x25.679453.png	gabled
TopViewx-80.360138x25.658495.png	gabled
TopViewx-80.360161x25.661748.png	None
TopViewx-80.360180x25.667311.png	gabled
TopViewx-80.360218x25.665526.png	None
TopViewx-80.360243x25.691173.png	None
TopViewx-80.360248x25.581382.png	gabled
TopViewx-80.360253x25.654701.png	hipped
TopViewx-80.360260x25.651075.png	hipped
TopViewx-80.360280x25.657427.png	None
TopViewx-80.360281x25.683599.png	gabled
TopViewx-80.360288x25.694470.png	None
TopViewx-80.360349x25.685636.png	None
TopViewx-80.360367x25.580616.png	gabled
TopViewx-80.360416x25.645114.png	gabled
TopViewx-80.360419x25.582133.png	gabled
TopViewx-80.360427x25.662493.png	None
TopViewx-80.360456x25.584148.png	gabled
TopViewx-80.360466x25.571185.png	gabled
TopViewx-80.360583x25.691464.png	None
TopViewx-80.360592x25.695607.png	None
TopViewx-80.360705x25.652961.png	None
TopViewx-80.360805x25.655040.png	None
TopViewx-80.360814x25.584945.png	gabled
TopViewx-80.360845x25.667298.png	None
TopViewx-80.360954x25.643975.png	None
TopViewx-80.360956x25.581387.png	None
TopViewx-80.360965x25.644636.png	None
TopViewx-80.361000x25.695345.png	None
TopViewx-80.361007x25.661726.png	None
TopViewx-80.361010x25.581567.png	gabled
TopViewx-80.361078x25.649781.png	gabled
TopViewx-80.361104x25.664966.png	None
TopViewx-80.361135x25.586655.png	flat
TopViewx-80.361143x25.691001.png	None
TopViewx-80.361162x25.571432.png	gabled
TopViewx-80.361237x25.660532.png	None
TopViewx-80.361250x25.665920.png	gabled
TopViewx-80.361256x25.684847.png	gabled
TopViewx-80.361306x25.662918.png	gabled
TopViewx-80.361311x25.678708.png	None
TopViewx-80.361319x25.653843.png	hipped
TopViewx-80.361372x25.643322.png	None
TopViewx-80.361403x25.674826.png	None
TopViewx-80.361432x25.673508.png	None
TopViewx-80.361441x25.681865.png	gabled
TopViewx-80.361497x25.646078.png	gabled
TopViewx-80.361649x25.673091.png	gabled
TopViewx-80.361669x25.585352.png	None
TopViewx-80.361825x25.570839.png	None
TopViewx-80.361893x25.691989.png	flat
TopViewx-80.361971x25.667253.png	None
TopViewx-80.362013x25.670724.png	None
TopViewx-80.362071x25.578360.png	gabled
TopViewx-80.362084x25.647641.png	None
TopViewx-80.362098x25.574543.png	None
TopViewx-80.362194x25.657171.png	gabled
TopViewx-80.362250x25.665459.png	None
TopViewx-80.362316x25.637824.png	None
TopViewx-80.362360x25.664014.png	None
TopViewx-80.362393x25.577254.png	gabled
TopViewx-80.362498x25.681368.png	gabled
TopViewx-80.362573x25.663862.png	None
TopViewx-80.362579x25.574864.png	None
TopViewx-80.362643x25.579905.png	flat
TopViewx-80.362752x25.678911.png	None
TopViewx-80.362817x25.578483.png	None
TopViewx-80.362817x25.664094.png	None
TopViewx-80.362913x25.650030.png	hipped
TopViewx-80.362952x25.657120.png	gabled
TopViewx-80.362984x25.642634.png	gabled
TopViewx-80.362997x25.662954.png	None
TopViewx-80.363057x25.699639.png	flat
TopViewx-80.363070x25.660000.png	None
TopViewx-80.363077x25.669126.png	gabled
TopViewx-80.363141x25.683274.png	gabled
TopViewx-80.363163x25.679551.png	gabled
TopViewx-80.363163x25.695466.png	flat
TopViewx-80.363168x25.672185.png	None
TopViewx-80.363227x25.665407.png	None
TopViewx-80.363244x25.636969.png	gabled
TopViewx-80.363274x25.686671.png	None
TopViewx-80.363295x25.676658.png	gabled
TopViewx-80.363395x25.682951.png	gabled
TopViewx-80.363454x25.690845.png	None
TopViewx-80.363501x25.679866.png	gabled
TopViewx-80.363502x25.643911.png	None
TopViewx-80.363532x25.580902.png	gabled
TopViewx-80.363535x25.659441.png	None
TopViewx-80.363537x25.692248.png	flat
TopViewx-80.363542x25.644542.png	gabled
TopViewx-80.363555x25.661595.png	None
TopViewx-80.363656x25.663352.png	gabled
TopViewx-80.363656x25.680790.png	None
TopViewx-80.363802x25.583807.png	flat
TopViewx-80.363804x25.669821.png	gabled
TopViewx-80.363875x25.679196.png	gabled
TopViewx-80.363913x25.677110.png	gabled
TopViewx-80.363954x25.655444.png	None
TopViewx-80.363961x25.682950.png	gabled
TopViewx-80.364018x25.694394.png	None
TopViewx-80.364025x25.578404.png	None
TopViewx-80.364105x25.645655.png	gabled
TopViewx-80.364270x25.664830.png	gabled
TopViewx-80.364289x25.661184.png	gabled
TopViewx-80.364337x25.678731.png	gabled
TopViewx-80.364380x25.658291.png	None
TopViewx-80.364542x25.692217.png	flat
TopViewx-80.364597x25.667144.png	gabled
TopViewx-80.364788x25.689723.png	None
TopViewx-80.364813x25.668466.png	None
TopViewx-80.364895x25.691284.png	flat
TopViewx-80.365021x25.692243.png	flat
TopViewx-80.365027x25.664497.png	None
TopViewx-80.365079x25.666306.png	None
TopViewx-80.365204x25.681625.png	gabled
TopViewx-80.365241x25.641530.png	None
TopViewx-80.365254x25.647835.png	None
TopViewx-80.365354x25.574594.png	flat
TopViewx-80.365388x25.675439.png	gabled
TopViewx-80.365474x25.682463.png	gabled
TopViewx-80.365626x25.570833.png	flat
TopViewx-80.365655x25.668362.png	None
TopViewx-80.365659x25.663180.png	None
TopViewx-80.365662x25.645944.png	None
TopViewx-80.365731x25.649089.png	gabled
TopViewx-80.365752x25.674230.png	gabled
TopViewx-80.365766x25.676359.png	gabled
TopViewx-80.365771x25.667632.png	gabled
TopViewx-80.365779x25.651794.png	gabled
TopViewx-80.365801x25.652300.png	gabled
TopViewx-80.365818x25.680083.png	gabled
TopViewx-80.366009x25.672655.png	None
TopViewx-80.366011x25.578283.png	flat
TopViewx-80.366029x25.663127.png	None
TopViewx-80.366054x25.639582.png	None
TopViewx-80.366055x25.665335.png	None
TopViewx-80.366088x25.640732.png	None
TopViewx-80.366098x25.640436.png	None
TopViewx-80.366107x25.679577.png	gabled
TopViewx-80.366153x25.679099.png	hipped
TopViewx-80.366157x25.655376.png	gabled
TopViewx-80.366221x25.681497.png	gabled
TopViewx-80.366313x25.660261.png	None
TopViewx-80.366314x25.660676.png	None
TopViewx-80.366550x25.681008.png	None
TopViewx-80.366551x25.655660.png	None
TopViewx-80.366631x25.669303.png	None
TopViewx-80.366701x25.665303.png	None
TopViewx-80.366795x25.648582.png	gabled
TopViewx-80.367060x25.686504.png	flat
TopViewx-80.367072x25.680480.png	gabled
TopViewx-80.367097x25.580074.png	flat
TopViewx-80.367102x25.661466.png	None
TopViewx-80.367171x25.657915.png	None
TopViewx-80.367182x25.677485.png	gabled
TopViewx-80.367194x25.680086.png	gabled
TopViewx-80.367219x25.693831.png	None
TopViewx-80.367226x25.684403.png	flat
TopViewx-80.367255x25.678498.png	gabled
TopViewx-80.367293x25.678756.png	gabled
TopViewx-80.367301x25.674979.png	gabled
TopViewx-80.367320x25.645357.png	None
TopViewx-80.367475x25.668413.png	gabled
TopViewx-80.367480x25.640074.png	gabled
TopViewx-80.367490x25.650773.png	gabled
TopViewx-80.367529x25.679520.png	gabled
TopViewx-80.367565x25.699091.png	None
TopViewx-80.367639x25.643555.png	hipped
TopViewx-80.367758x25.660642.png	gabled
TopViewx-80.367762x25.659952.png	None
TopViewx-80.367831x25.641256.png	None
TopViewx-80.367998x25.681563.png	None
TopViewx-80.368029x25.644861.png	None
TopViewx-80.368116x25.655880.png	gabled
TopViewx-80.368116x25.699431.png	None
TopViewx-80.368143x25.656588.png	gabled
TopViewx-80.368168x25.658396.png	gabled
TopViewx-80.368197x25.659935.png	None
TopViewx-80.368217x25.673724.png	None
TopViewx-80.368269x25.641626.png	None
TopViewx-80.368366x25.654394.png	None
TopViewx-80.368523x25.657694.png	None
TopViewx-80.368636x25.641563.png	None
TopViewx-80.368685x25.698275.png	None
TopViewx-80.368699x25.666527.png	None
TopViewx-80.368797x25.655354.png	None
TopViewx-80.368805x25.686177.png	flat
TopViewx-80.368828x25.700336.png	None
TopViewx-80.368830x25.660611.png	None
TopViewx-80.368897x25.680070.png	flat
TopViewx-80.368903x25.657173.png	gabled
TopViewx-80.368941x25.648573.png	hipped
TopViewx-80.368982x25.698857.png	None
TopViewx-80.369006x25.658465.png	None
TopViewx-80.369034x25.698050.png	None
TopViewx-80.369035x25.697682.png	None
TopViewx-80.369164x25.698247.png	None
TopViewx-80.369169x25.642054.png	None
TopViewx-80.369194x25.644313.png	None
TopViewx-80.369265x25.647187.png	gabled
TopViewx-80.369266x25.657660.png	None
TopViewx-80.369272x25.656140.png	None
TopViewx-80.369276x25.698038.png	None
TopViewx-80.369312x25.662791.png	None
TopViewx-80.369350x25.664616.png	None
TopViewx-80.369364x25.641549.png	None
TopViewx-80.369364x25.696163.png	None
TopViewx-80.369426x25.680330.png	None
TopViewx-80.369529x25.701685.png	flat
TopViewx-80.369648x25.698222.png	None
TopViewx-80.369687x25.654434.png	None
TopViewx-80.369741x25.645239.png	None
TopViewx-80.369861x25.699477.png	None
TopViewx-80.369870x25.697806.png	None
TopViewx-80.369924x25.655980.png	None
TopViewx-80.370090x25.661632.png	None
TopViewx-80.370150x25.639816.png	None
TopViewx-80.370182x25.641084.png	None
TopViewx-80.370213x25.653736.png	None
TopViewx-80.370251x25.650417.png	None
TopViewx-80.370264x25.659436.png	None
TopViewx-80.370291x25.665373.png	None
TopViewx-80.370327x25.701602.png	None
TopViewx-80.370415x25.698904.png	None
TopViewx-80.370574x25.649354.png	None
TopViewx-80.370604x25.685062.png	None
TopViewx-80.370684x25.688172.png	flat
TopViewx-80.370692x25.658425.png	None
TopViewx-80.370697x25.654947.png	None
TopViewx-80.370700x25.688610.png	flat
TopViewx-80.370728x25.650498.png	None
TopViewx-80.370791x25.661639.png	None
TopViewx-80.370826x25.700262.png	None
TopViewx-80.370831x25.686508.png	None
TopViewx-80.370851x25.699583.png	None
TopViewx-80.370862x25.697656.png	None
TopViewx-80.370940x25.699967.png	None
TopViewx-80.371124x25.646983.png	gabled
TopViewx-80.371175x25.658720.png	None
TopViewx-80.371217x25.659530.png	None
TopViewx-80.371273x25.660092.png	gabled
TopViewx-80.371326x25.684150.png	None
TopViewx-80.371333x25.684964.png	None
TopViewx-80.371411x25.700269.png	hipped
TopViewx-80.371572x25.699724.png	None
TopViewx-80.371636x25.698896.png	None
TopViewx-80.371676x25.649284.png	gabled
TopViewx-80.371736x25.697633.png	None
TopViewx-80.371860x25.663151.png	None
TopViewx-80.371910x25.682028.png	flat
TopViewx-80.371983x25.643699.png	hipped
TopViewx-80.371985x25.699153.png	None
TopViewx-80.372036x25.654838.png	None
TopViewx-80.372128x25.687684.png	None
TopViewx-80.372353x25.643684.png	gabled
TopViewx-80.372562x25.701922.png	None
TopViewx-80.372565x25.643274.png	hipped
TopViewx-80.372961x25.660766.png	None
TopViewx-80.373010x25.649582.png	None
TopViewx-80.373382x25.649526.png	None
TopViewx-80.373456x25.703424.png	None
TopViewx-80.373716x25.699330.png	None
TopViewx-80.373752x25.704713.png	None
TopViewx-80.373780x25.642851.png	hipped
TopViewx-80.373971x25.699429.png	gabled
TopViewx-80.374033x25.673704.png	flat
TopViewx-80.374042x25.655469.png	None
TopViewx-80.374061x25.674454.png	flat
TopViewx-80.374112x25.698755.png	None
TopViewx-80.374329x25.649265.png	None
TopViewx-80.374583x25.648406.png	None
TopViewx-80.374613x25.698623.png	gabled
TopViewx-80.374640x25.699214.png	gabled
TopViewx-80.374736x25.705696.png	None
TopViewx-80.374819x25.649462.png	gabled
TopViewx-80.374942x25.699150.png	gabled
TopViewx-80.374958x25.697484.png	gabled
TopViewx-80.374971x25.676155.png	None
TopViewx-80.374997x25.697873.png	gabled
TopViewx-80.375066x25.653087.png	gabled
TopViewx-80.375073x25.699675.png	None
TopViewx-80.375084x25.652366.png	gabled
TopViewx-80.375142x25.685670.png	None
TopViewx-80.375216x25.674965.png	flat
TopViewx-80.375269x25.643080.png	hipped
TopViewx-80.375284x25.705464.png	None
TopViewx-80.375289x25.697502.png	gabled
TopViewx-80.375339x25.644872.png	None
TopViewx-80.375344x25.645331.png	gabled
TopViewx-80.375356x25.664351.png	gabled
TopViewx-80.375503x25.653809.png	gabled
TopViewx-80.375605x25.652746.png	gabled
TopViewx-80.375614x25.646408.png	None
TopViewx-80.375703x25.702642.png	None
TopViewx-80.375910x25.705438.png	None
TopViewx-80.375915x25.655035.png	None
TopViewx-80.376108x25.699312.png	gabled
TopViewx-80.376152x25.667601.png	None
TopViewx-80.376286x25.650284.png	gabled
TopViewx-80.376322x25.698941.png	None
TopViewx-80.376323x25.647179.png	None
TopViewx-80.376352x25.647825.png	None
TopViewx-80.376419x25.646246.png	None
TopViewx-80.376454x25.670907.png	None
TopViewx-80.376461x25.664896.png	None
TopViewx-80.376547x25.663898.png	gabled
TopViewx-80.376616x25.706563.png	None
TopViewx-80.376620x25.665851.png	None
TopViewx-80.376683x25.684485.png	gabled
TopViewx-80.376788x25.697513.png	None
TopViewx-80.376788x25.698353.png	None
TopViewx-80.376879x25.670786.png	None
TopViewx-80.377008x25.671699.png	None
TopViewx-80.377050x25.655952.png	None
TopViewx-80.377120x25.670938.png	None
TopViewx-80.377333x25.695261.png	None
TopViewx-80.377346x25.671168.png	None
TopViewx-80.377479x25.648993.png	None
TopViewx-80.377504x25.670839.png	None
TopViewx-80.377523x25.688624.png	None
TopViewx-80.377565x25.705694.png	None
TopViewx-80.377636x25.647136.png	None
TopViewx-80.377660x25.666174.png	None
TopViewx-80.377671x25.665602.png	None
TopViewx-80.377672x25.683128.png	None
TopViewx-80.377696x25.659877.png	None
TopViewx-80.377709x25.701725.png	None
TopViewx-80.377770x25.685878.png	None
TopViewx-80.377787x25.686101.png	None
TopViewx-80.377940x25.651839.png	gabled
TopViewx-80.377993x25.685186.png	None
TopViewx-80.378009x25.660436.png	None
TopViewx-80.378029x25.681611.png	None
TopViewx-80.378118x25.646646.png	None
TopViewx-80.378171x25.667282.png	None
TopViewx-80.378225x25.691093.png	None
TopViewx-80.378236x25.693772.png	None
TopViewx-80.378245x25.683798.png	None
TopViewx-80.378250x25.691787.png	flat
TopViewx-80.378364x25.706578.png	flat
TopViewx-80.378453x25.691736.png	None
TopViewx-80.378454x25.690583.png	None
TopViewx-80.378503x25.690317.png	None
TopViewx-80.378557x25.663759.png	None
TopViewx-80.378564x25.647108.png	None
TopViewx-80.378669x25.663505.png	None
TopViewx-80.378720x25.683524.png	hipped
TopViewx-80.378721x25.704107.png	None
TopViewx-80.378732x25.683100.png	None
TopViewx-80.378819x25.706271.png	None
TopViewx-80.378874x25.685072.png	None
TopViewx-80.378908x25.683093.png	None
TopViewx-80.378933x25.672357.png	gabled
TopViewx-80.379011x25.674053.png	None
TopViewx-80.379040x25.674262.png	None
TopViewx-80.379108x25.648029.png	gabled
TopViewx-80.379109x25.675433.png	None
TopViewx-80.379123x25.658655.png	None
TopViewx-80.379222x25.653415.png	gabled
TopViewx-80.379246x25.699974.png	None
TopViewx-80.379285x25.678515.png	None
TopViewx-80.379353x25.699951.png	None
TopViewx-80.379410x25.672755.png	None
TopViewx-80.379554x25.691945.png	None
TopViewx-80.379739x25.683994.png	None
TopViewx-80.379804x25.685663.png	None
TopViewx-80.379951x25.707139.png	None
TopViewx-80.380069x25.697366.png	None
TopViewx-80.380104x25.676439.png	None
TopViewx-80.380143x25.691667.png	None
TopViewx-80.380198x25.692359.png	None
TopViewx-80.380314x25.648971.png	gabled
TopViewx-80.380323x25.675708.png	None
TopViewx-80.380339x25.658774.png	gabled
TopViewx-80.380357x25.674640.png	None
TopViewx-80.380398x25.653807.png	gabled
TopViewx-80.380419x25.654108.png	None
TopViewx-80.380485x25.664735.png	None
TopViewx-80.380544x25.692355.png	None
TopViewx-80.380574x25.680452.png	gabled
TopViewx-80.380639x25.693307.png	None
TopViewx-80.380661x25.671228.png	None
TopViewx-80.380693x25.692355.png	None
TopViewx-80.380887x25.672384.png	None
TopViewx-80.380893x25.670051.png	None
TopViewx-80.380895x25.705241.png	None
TopViewx-80.380924x25.652096.png	gabled
TopViewx-80.381030x25.675520.png	gabled
TopViewx-80.381050x25.707871.png	None
TopViewx-80.381070x25.666181.png	None
TopViewx-80.381133x25.674641.png	hipped
TopViewx-80.381217x25.670953.png	gabled
TopViewx-80.381402x25.677405.png	gabled
TopViewx-80.381496x25.675676.png	None
TopViewx-80.381751x25.674709.png	gabled
TopViewx-80.381932x25.683931.png	None
TopViewx-80.382036x25.647535.png	None
TopViewx-80.382097x25.674669.png	None
TopViewx-80.382144x25.682990.png	gabled
TopViewx-80.382205x25.650055.png	gabled
TopViewx-80.382322x25.671446.png	gabled
TopViewx-80.382400x25.678139.png	hipped
TopViewx-80.382459x25.666395.png	None
TopViewx-80.382499x25.675854.png	None
TopViewx-80.382501x25.675344.png	hipped
TopViewx-80.382506x25.676954.png	hipped
TopViewx-80.382633x25.673099.png	hipped
TopViewx-80.382644x25.669873.png	gabled
TopViewx-80.382659x25.647346.png	hipped
TopViewx-80.382666x25.647746.png	None
TopViewx-80.382799x25.671468.png	None
TopViewx-80.382800x25.685114.png	flat
TopViewx-80.382801x25.704621.png	None
TopViewx-80.382865x25.677361.png	hipped
TopViewx-80.382869x25.677675.png	hipped
TopViewx-80.382870x25.682584.png	flat
TopViewx-80.383197x25.679616.png	None
TopViewx-80.383312x25.682649.png	None
TopViewx-80.383370x25.694752.png	None
TopViewx-80.383471x25.676598.png	hipped
TopViewx-80.383507x25.682935.png	gabled
TopViewx-80.383528x25.670726.png	None
TopViewx-80.383572x25.671047.png	gabled
TopViewx-80.383582x25.672300.png	None
TopViewx-80.383620x25.678084.png	None
TopViewx-80.383745x25.675356.png	hipped
TopViewx-80.383858x25.658104.png	None
TopViewx-80.383858x25.692016.png	hipped
TopViewx-80.383860x25.678089.png	gabled
TopViewx-80.383953x25.682938.png	gabled
TopViewx-80.384084x25.652881.png	None
TopViewx-80.384176x25.665850.png	None
TopViewx-80.384183x25.682348.png	gabled
TopViewx-80.384316x25.659185.png	None
TopViewx-80.384375x25.696315.png	None
TopViewx-80.384403x25.665529.png	None
TopViewx-80.384461x25.673379.png	hipped
TopViewx-80.384503x25.661463.png	None
TopViewx-80.384534x25.662415.png	None
TopViewx-80.384567x25.676179.png	None
TopViewx-80.384573x25.673654.png	hipped
TopViewx-80.384595x25.674696.png	None
TopViewx-80.384612x25.675845.png	None
TopViewx-80.384614x25.693924.png	None
TopViewx-80.384619x25.663843.png	None
TopViewx-80.384714x25.669074.png	None
TopViewx-80.384758x25.665890.png	None
TopViewx-80.384843x25.679061.png	None
TopViewx-80.384896x25.695963.png	None
TopViewx-80.384931x25.695111.png	None
TopViewx-80.384933x25.695665.png	None
TopViewx-80.385003x25.660704.png	gabled
TopViewx-80.385050x25.661080.png	None
TopViewx-80.385075x25.676114.png	None
TopViewx-80.385110x25.660955.png	gabled
TopViewx-80.385112x25.686785.png	flat
TopViewx-80.385132x25.681046.png	None
TopViewx-80.385132x25.681322.png	None
TopViewx-80.385136x25.661477.png	None
TopViewx-80.385142x25.681652.png	None
TopViewx-80.385180x25.680694.png	None
TopViewx-80.385193x25.661734.png	gabled
TopViewx-80.385198x25.678590.png	hipped
TopViewx-80.385237x25.668713.png	None
TopViewx-80.385411x25.682267.png	None
TopViewx-80.385434x25.672386.png	None
TopViewx-80.385520x25.667135.png	None
TopViewx-80.385590x25.668793.png	None
TopViewx-80.385604x25.681290.png	None
TopViewx-80.385616x25.694247.png	None
TopViewx-80.385646x25.678116.png	None
TopViewx-80.385790x25.669393.png	None
TopViewx-80.385869x25.689969.png	flat
TopViewx-80.385972x25.675428.png	None
TopViewx-80.385998x25.683782.png	None
TopViewx-80.386051x25.673984.png	None
TopViewx-80.386189x25.673190.png	None
TopViewx-80.386290x25.669029.png	gabled
TopViewx-80.386379x25.667382.png	None
TopViewx-80.386541x25.675279.png	None
TopViewx-80.386675x25.673308.png	None
TopViewx-80.386728x25.681616.png	None
TopViewx-80.386777x25.680647.png	None
TopViewx-80.386887x25.681622.png	None
TopViewx-80.386955x25.682475.png	None
TopViewx-80.386977x25.671017.png	None
TopViewx-80.387092x25.674049.png	None
TopViewx-80.387096x25.674165.png	None
TopViewx-80.387158x25.669384.png	None
TopViewx-80.387236x25.681216.png	None
TopViewx-80.387350x25.673997.png	None
TopViewx-80.387371x25.668733.png	None
TopViewx-80.387568x25.682220.png	None
TopViewx-80.387755x25.670088.png	None
TopViewx-80.387856x25.672397.png	None
TopViewx-80.387896x25.682248.png	None
TopViewx-80.387965x25.674860.png	None
TopViewx-80.387966x25.673652.png	None
TopViewx-80.388098x25.677555.png	None
TopViewx-80.388201x25.678973.png	hipped
TopViewx-80.388229x25.679659.png	None
TopViewx-80.388240x25.680895.png	None
TopViewx-80.388261x25.681178.png	None
TopViewx-80.412711x25.485590.png	hipped
TopViewx-80.413123x25.490145.png	None
TopViewx-80.413915x25.485207.png	None
TopViewx-80.414152x25.485883.png	hipped
TopViewx-80.414276x25.489860.png	None
TopViewx-80.414278x25.494318.png	None
TopViewx-80.414610x25.485901.png	hipped
TopViewx-80.414998x25.495509.png	hipped
TopViewx-80.415268x25.482724.png	hipped
TopViewx-80.416147x25.479198.png	hipped
TopViewx-80.416582x25.493314.png	hipped
TopViewx-80.417242x25.490362.png	hipped
TopViewx-80.417502x25.479100.png	hipped
TopViewx-80.418351x25.480760.png	hipped
TopViewx-80.418435x25.487945.png	hipped
TopViewx-80.418581x25.487429.png	hipped
TopViewx-80.418670x25.492215.png	hipped
TopViewx-80.419200x25.487087.png	hipped
TopViewx-80.420295x25.489687.png	hipped
TopViewx-80.420478x25.489884.png	hipped
TopViewx-80.420573x25.478612.png	hipped
TopViewx-80.420774x25.471697.png	hipped
TopViewx-80.421181x25.466207.png	None
TopViewx-80.421318x25.457946.png	flat
TopViewx-80.421526x25.482109.png	hipped
TopViewx-80.422125x25.487468.png	None
TopViewx-80.422154x25.484858.png	hipped
TopViewx-80.422165x25.487745.png	hipped
TopViewx-80.422324x25.472795.png	hipped
TopViewx-80.422335x25.467288.png	hipped
TopViewx-80.422687x25.468644.png	hipped
TopViewx-80.422983x25.485182.png	hipped
TopViewx-80.423158x25.481053.png	hipped
TopViewx-80.423242x25.469671.png	hipped
TopViewx-80.423392x25.452275.png	flat
TopViewx-80.423414x25.469666.png	hipped
TopViewx-80.423845x25.464335.png	hipped
TopViewx-80.424480x25.466229.png	hipped
TopViewx-80.424827x25.464456.png	hipped
TopViewx-80.425106x25.473807.png	hipped
TopViewx-80.425587x25.464200.png	hipped
TopViewx-80.425839x25.467635.png	hipped
TopViewx-80.426342x25.465468.png	hipped
TopViewx-80.426618x25.464810.png	hipped
TopViewx-80.426692x25.471165.png	None
TopViewx-80.427091x25.465241.png	hipped
TopViewx-80.427442x25.470473.png	None
TopViewx-80.427870x25.470880.png	hipped
TopViewx-80.427953x25.482394.png	None
TopViewx-80.428917x25.468529.png	None
TopViewx-80.428939x25.469027.png	hipped
TopViewx-80.429366x25.471261.png	None
TopViewx-80.429728x25.474250.png	None
TopViewx-80.430116x25.467881.png	hipped
TopViewx-80.430422x25.468576.png	hipped
TopViewx-80.430547x25.473875.png	None
TopViewx-80.431098x25.465434.png	None
TopViewx-80.432295x25.473995.png	None
TopViewx-80.433293x25.463069.png	None
TopViewx-80.433977x25.463129.png	hipped
TopViewx-80.433994x25.466715.png	hipped
TopViewx-80.435229x25.466722.png	hipped
TopViewx-80.435774x25.463356.png	hipped
TopViewx-80.436999x25.463950.png	gabled
TopViewx-80.438469x25.469812.png	None
TopViewx-80.438528x25.468531.png	hipped
TopViewx-80.438704x25.471819.png	None
TopViewx-80.439564x25.469364.png	None
TopViewx-80.439666x25.463452.png	gabled
TopViewx-80.440321x25.451904.png	gabled
TopViewx-80.440988x25.463975.png	gabled
TopViewx-80.441142x25.469350.png	hipped
TopViewx-80.441423x25.466258.png	None
TopViewx-80.441921x25.451809.png	None
TopViewx-80.442558x25.463098.png	hipped
TopViewx-80.443857x25.473018.png	None
TopViewx-80.444143x25.463687.png	hipped
TopViewx-80.444147x25.464984.png	hipped
TopViewx-80.445240x25.453077.png	None
TopViewx-80.445386x25.465216.png	Union[hipped,gabled]
TopViewx-80.447292x25.444620.png	None
TopViewx-80.447654x25.443812.png	None
TopViewx-80.448433x25.474294.png	None
TopViewx-80.448926x25.457484.png	None
TopViewx-80.449553x25.466763.png	None
TopViewx-80.449746x25.450030.png	None
TopViewx-80.449797x25.457569.png	hipped
TopViewx-80.450852x25.441624.png	hipped
TopViewx-80.450928x25.456659.png	hipped
TopViewx-80.451044x25.446880.png	None
TopViewx-80.451869x25.480475.png	None
TopViewx-80.452545x25.443012.png	gabled
TopViewx-80.453187x25.462437.png	gabled
TopViewx-80.453712x25.460078.png	gabled
TopViewx-80.455038x25.461480.png	gabled
TopViewx-80.455430x25.447539.png	None
TopViewx-80.455475x25.452078.png	None
TopViewx-80.455775x25.479412.png	Union[gabled,flat]
TopViewx-80.455846x25.462400.png	gabled
TopViewx-80.456833x25.442976.png	None
TopViewx-80.457495x25.459643.png	gabled
TopViewx-80.457598x25.464979.png	hipped
TopViewx-80.457632x25.456765.png	gabled
TopViewx-80.457776x25.479381.png	Union[gabled,flat]
TopViewx-80.457866x25.467811.png	None
TopViewx-80.458798x25.461441.png	gabled
TopViewx-80.459092x25.460701.png	None
TopViewx-80.459321x25.460699.png	None
TopViewx-80.459367x25.455069.png	None
TopViewx-80.459680x25.471301.png	hipped
TopViewx-80.459698x25.465247.png	gabled
TopViewx-80.460477x25.483190.png	None
TopViewx-80.461029x25.460957.png	gabled
TopViewx-80.461536x25.473071.png	None
TopViewx-80.462313x25.471567.png	gabled
TopViewx-80.462622x25.472760.png	gabled
TopViewx-80.462679x25.469399.png	gabled
TopViewx-80.462990x25.471626.png	None
TopViewx-80.463579x25.472549.png	gabled
TopViewx-80.463581x25.470327.png	None
TopViewx-80.464237x25.470548.png	gabled
TopViewx-80.464438x25.471411.png	None
TopViewx-80.465204x25.459577.png	gabled
TopViewx-80.465539x25.479101.png	flat
TopViewx-80.465930x25.470627.png	gabled
TopViewx-80.467486x25.470758.png	None
TopViewx-80.468123x25.470756.png	None
TopViewx-80.468683x25.469686.png	None
TopViewx-80.471335x25.464437.png	gabled
TopViewx-80.471637x25.462939.png	gabled
TopViewx-80.471959x25.465779.png	None
TopViewx-80.471962x25.463840.png	None
TopViewx-80.472257x25.463063.png	None
TopViewx-80.472902x25.465270.png	None
TopViewx-80.475166x25.486572.png	None
TopViewx-80.476688x25.475534.png	flat
TopViewx-80.476980x25.487941.png	None
TopViewx-80.477759x25.481891.png	flat
TopViewx-80.478211x25.486779.png	None
TopViewx-80.478444x25.475060.png	flat
TopViewx-80.478486x25.488575.png	None
TopViewx-80.478787x25.486038.png	gabled*
TopViewx-80.478987x25.472808.png	None
TopViewx-80.479042x25.483024.png	None
TopViewx-80.479600x25.462738.png	hipped
TopViewx-80.480414x25.475121.png	None
TopViewx-80.480422x25.468148.png	None
TopViewx-80.480957x25.466281.png	flat
TopViewx-80.481216x25.475835.png	None
TopViewx-80.481384x25.487749.png	None
TopViewx-80.481864x25.471835.png	flat
TopViewx-80.481931x25.477808.png	hipped
TopViewx-80.482148x25.480233.png	None
TopViewx-80.482470x25.464847.png	gabled
TopViewx-80.482579x25.485371.png	gabled
TopViewx-80.482851x25.479353.png	hipped
TopViewx-80.482861x25.485675.png	gabled
TopViewx-80.482931x25.482372.png	hipped
TopViewx-80.482997x25.475516.png	flat
TopViewx-80.483035x25.487575.png	gabled
TopViewx-80.483127x25.482784.png	None
TopViewx-80.483171x25.485562.png	None
TopViewx-80.483179x25.471037.png	hipped
TopViewx-80.483260x25.470427.png	hipped
TopViewx-80.483321x25.474767.png	None
TopViewx-80.483910x25.487148.png	gabled
TopViewx-80.484081x25.479614.png	gabled
TopViewx-80.484096x25.487679.png	gabled
TopViewx-80.484566x25.489665.png	hipped
TopViewx-80.485155x25.471378.png	flat
TopViewx-80.485843x25.474670.png	None
TopViewx-80.486901x25.475701.png	None
TopViewx-80.487450x25.485547.png	None
TopViewx-80.487493x25.483719.png	None
TopViewx-80.487807x25.474954.png	hipped
TopViewx-80.487929x25.478705.png	hipped
TopViewx-80.488142x25.479182.png	None
TopViewx-80.488212x25.484684.png	hipped
TopViewx-80.488240x25.474158.png	None
TopViewx-80.488405x25.473803.png	None
TopViewx-80.489176x25.480394.png	None
TopViewx-80.489844x25.467487.png	None
TopViewx-80.491094x25.487506.png	gabled
TopViewx-80.491277x25.464378.png	hipped
TopViewx-80.491694x25.484632.png	None
TopViewx-80.492459x25.477290.png	hipped
TopViewx-80.493115x25.484600.png	gabled
TopViewx-80.493216x25.483206.png	hipped
TopViewx-80.494758x25.471392.png	hipped
TopViewx-80.495213x25.487143.png	None
TopViewx-80.496097x25.467754.png	hipped
TopViewx-80.496987x25.485021.png	gabled
TopViewx-80.498385x25.465849.png	gabled
TopViewx-80.500162x25.468790.png	gabled
TopViewx-80.500217x25.463744.png	gabled
TopViewx-80.500308x25.463389.png	gabled
TopViewx-80.500529x25.487931.png	None
TopViewx-80.500614x25.467879.png	gabled
TopViewx-80.501019x25.468238.png	gabled
TopViewx-80.501351x25.464240.png	gabled
