Image, nFloors
images/xaa/StreetViewx-80.270659x25.733013, 1
images/xaa/StreetViewx-80.268955x25.734800, 2
images/xaa/StreetViewx-80.283299x25.720842, 1
images/xaa/StreetViewx-80.287340x25.758278, 1
images/xaa/StreetViewx-80.269774x25.739690, 2
images/xaa/StreetViewx-80.315466x25.615083, 1
images/xaa/StreetViewx-80.319468x25.578540, 1
images/xaa/StreetViewx-80.316988x25.633465, 2
images/xaa/StreetViewx-80.266549x25.725231, 1
images/xaa/StreetViewx-80.278133x25.757205, 1
images/xaa/StreetViewx-80.315933x25.591883, 1
images/xaa/StreetViewx-80.313732x25.637909, 1
images/xaa/StreetViewx-80.277451x25.671522, 1
images/xaa/StreetViewx-80.285318x25.729620, 1
images/xaa/StreetViewx-80.321183x25.587179, 1
images/xaa/StreetViewx-80.280974x25.757196, 1
images/xaa/StreetViewx-80.273809x25.729820, 2
images/xaa/StreetViewx-80.275489x25.744609, 1
images/xaa/StreetViewx-80.317940x25.685217, 4
images/xaa/StreetViewx-80.281053x25.762797, 1
images/xaa/StreetViewx-80.323645x25.576721, 1
images/xaa/StreetViewx-80.319563x25.596914, 1
images/xaa/StreetViewx-80.278657x25.758821, 1
images/xaa/StreetViewx-80.282682x25.721137, 1
images/xaa/StreetViewx-80.285335x25.727465, 2
images/xaa/StreetViewx-80.320806x25.624614, 1
images/xaa/StreetViewx-80.316625x25.623056, 1
images/xaa/StreetViewx-80.273573x25.725803, 2
images/xaa/StreetViewx-80.320805x25.595744, 2
images/xaa/StreetViewx-80.284347x25.753685, 3
images/xaa/StreetViewx-80.312616x25.591892, 1
images/xaa/StreetViewx-80.284329x25.755183, 1
images/xaa/StreetViewx-80.319060x25.598362, 3
images/xaa/StreetViewx-80.271531x25.760454, 2
images/xaa/StreetViewx-80.276162x25.705640, 1
images/xaa/StreetViewx-80.322208x25.583655, 1
images/xaa/StreetViewx-80.314627x25.687015, 2
images/xaa/StreetViewx-80.323940x25.680627, 1
images/xaa/StreetViewx-80.270277x25.730652, 2
images/xaa/StreetViewx-80.323642x25.576238, 1
images/xaa/StreetViewx-80.321379x25.582905, 1
images/xaa/StreetViewx-80.268804x25.738433, 1
images/xaa/StreetViewx-80.323497x25.577621, 2
images/xaa/StreetViewx-80.320705x25.585277, 1
images/xaa/StreetViewx-80.274403x25.754529, 1
images/xaa/StreetViewx-80.273821x25.732014, 1
images/xaa/StreetViewx-80.273311x25.750251, 2
images/xaa/StreetViewx-80.322482x25.678862, 1
images/xaa/StreetViewx-80.323539x25.593565, 1
images/xaa/StreetViewx-80.313593x25.630544, 1
images/xaa/StreetViewx-80.322047x25.592683, 2
images/xaa/StreetViewx-80.267870x25.716874, 2
images/xaa/StreetViewx-80.276702x25.710830, 1
images/xaa/StreetViewx-80.270794x25.752120, 1
images/xaa/StreetViewx-80.318632x25.588360, 1
images/xaa/StreetViewx-80.266094x25.714124, 2
images/xaa/StreetViewx-80.272143x25.745470, 1
images/xaa/StreetViewx-80.318780x25.593715, 1
images/xaa/StreetViewx-80.317011x25.588090, 1
images/xaa/StreetViewx-80.317057x25.587688, 1
images/xaa/StreetViewx-80.271150x25.742380, 2
images/xaa/StreetViewx-80.285800x25.723297, 1
images/xaa/StreetViewx-80.273092x25.712826, 1
images/xaa/StreetViewx-80.320386x25.592165, 1
images/xaa/StreetViewx-80.285436x25.731446, 3
images/xaa/StreetViewx-80.317019x25.632927, 1
images/xaa/StreetViewx-80.319937x25.578305, 1
images/xaa/StreetViewx-80.273932x25.743166, 1
images/xaa/StreetViewx-80.322121x25.679634, 1
images/xaa/StreetViewx-80.265499x25.732245, 1
images/xaa/StreetViewx-80.276648x25.759270, 1
images/xaa/StreetViewx-80.275923x25.751038, 2
images/xaa/StreetViewx-80.316863x25.587690, 1
images/xaa/StreetViewx-80.322961x25.687447, 1
images/xaa/StreetViewx-80.266226x25.717808, 1
images/xaa/StreetViewx-80.287356x25.757467, 1
images/xaa/StreetViewx-80.322650x25.583533, 1
images/xaa/StreetViewx-80.323936x25.570804, 1
images/xaa/StreetViewx-80.282064x25.719392, 1
images/xaa/StreetViewx-80.272127x25.710438, 1
images/xaa/StreetViewx-80.280958x25.748247, 2
images/xaa/StreetViewx-80.267684x25.734268, 1
images/xaa/StreetViewx-80.269395x25.717435, 1
images/xaa/StreetViewx-80.281138x25.671514, 1
images/xaa/StreetViewx-80.278226x25.750355, 1
images/xaa/StreetViewx-80.285021x25.745473, 2
images/xaa/StreetViewx-80.267418x25.744993, 1
images/xaa/StreetViewx-80.271230x25.730000, 2
images/xaa/StreetViewx-80.265889x25.751112, 1
images/xaa/StreetViewx-80.268223x25.738874, 2
images/xaa/StreetViewx-80.312001x25.613309, 1
images/xaa/StreetViewx-80.275670x25.757591, 1
images/xaa/StreetViewx-80.323270x25.679926, 3
images/xaa/StreetViewx-80.310097x25.615239, 1
images/xaa/StreetViewx-80.315342x25.614544, 1
images/xaa/StreetViewx-80.274178x25.671561, 1
images/xaa/StreetViewx-80.277296x25.652382, 1
images/xaa/StreetViewx-80.297710x25.634925, 2
images/xaa/StreetViewx-80.267889x25.732122, 3
images/xaa/StreetViewx-80.270254x25.713316, 1
images/xaa/StreetViewx-80.320802x25.584046, 1
images/xaa/StreetViewx-80.284369x25.724802, 1
images/xaa/StreetViewx-80.314778x25.633982, 1
images/xaa/StreetViewx-80.279615x25.753252, 2
images/xaa/StreetViewx-80.317523x25.591822, 1
images/xaa/StreetViewx-80.284332x25.653632, 1
images/xaa/StreetViewx-80.322555x25.596387, 1
images/xaa/StreetViewx-80.315965x25.617362, 1
images/xaa/StreetViewx-80.273087x25.763245, 1
images/xaa/StreetViewx-80.265548x25.699240, 1
images/xaa/StreetViewx-80.278400x25.747385, 2
images/xaa/StreetViewx-80.271043x25.756492, 2
images/xaa/StreetViewx-80.322086x25.630740, 1
images/xaa/StreetViewx-80.320033x25.584085, 1
images/xaa/StreetViewx-80.323417x25.585286, 1
images/xaa/StreetViewx-80.320225x25.682966, 1
images/xaa/StreetViewx-80.273654x25.746403, 2
images/xaa/StreetViewx-80.319070x25.584824, 1
images/xaa/StreetViewx-80.322051x25.594459, 3
images/xaa/StreetViewx-80.321910x25.614922, 1
images/xaa/StreetViewx-80.278327x25.746542, 1
images/xaa/StreetViewx-80.311874x25.639259, 1
images/xaa/StreetViewx-80.323336x25.678024, 1
images/xaa/StreetViewx-80.284950x25.743700, 2
images/xaa/StreetViewx-80.267931x25.719429, 1
images/xaa/StreetViewx-80.323730x25.585672, 1
images/xaa/StreetViewx-80.285642x25.739952, 1
images/xaa/StreetViewx-80.322128x25.675242, 1
images/xaa/StreetViewx-80.279013x25.763128, 3
images/xaa/StreetViewx-80.283200x25.685724, 1
images/xaa/StreetViewx-80.323586x25.598264, 1
images/xaa/StreetViewx-80.315583x25.587616, 1
images/xaa/StreetViewx-80.309260x25.634739, 1
images/xaa/StreetViewx-80.280932x25.672638, 1
images/xaa/StreetViewx-80.322521x25.578352, 1
images/xaa/StreetViewx-80.272463x25.730877, 1
images/xaa/StreetViewx-80.272094x25.749678, 1
images/xaa/StreetViewx-80.287009x25.757148, 1
images/xaa/StreetViewx-80.272508x25.688388, 1
images/xaa/StreetViewx-80.322456x25.596157, 1
images/xaa/StreetViewx-80.312818x25.593369, 1
images/xaa/StreetViewx-80.317422x25.588277, 1
images/xaa/StreetViewx-80.272949x25.756024, 2
images/xaa/StreetViewx-80.270924x25.755164, 1
images/xaa/StreetViewx-80.317711x25.591086, 1
images/xaa/StreetViewx-80.322940x25.593926, 1
images/xaa/StreetViewx-80.279845x25.760164, 1
images/xaa/StreetViewx-80.279965x25.762903, 1
images/xaa/StreetViewx-80.322582x25.582626, 2
images/xaa/StreetViewx-80.316628x25.641782, 1
images/xaa/StreetViewx-80.317658x25.611888, 1
images/xaa/StreetViewx-80.272710x25.739076, 1
images/xaa/StreetViewx-80.267169x25.719807, 1
images/xaa/StreetViewx-80.267689x25.701220, 1
images/xaa/StreetViewx-80.267378x25.754184, 1
images/xaa/StreetViewx-80.322716x25.674877, 1
images/xaa/StreetViewx-80.320458x25.583598, 2
images/xaa/StreetViewx-80.285061x25.740450, 2
images/xaa/StreetViewx-80.322460x25.584066, 1
images/xaa/StreetViewx-80.317188x25.613999, 1
images/xaa/StreetViewx-80.265603x25.728167, 1
images/xaa/StreetViewx-80.285583x25.732690, 1
images/xaa/StreetViewx-80.283433x25.756182, 1
images/xaa/StreetViewx-80.319690x25.581933, 2
images/xaa/StreetViewx-80.311887x25.642168, 1
images/xaa/StreetViewx-80.321958x25.576161, 1
images/xaa/StreetViewx-80.289638x25.664060, 1
images/xaa/StreetViewx-80.319433x25.595642, 1
images/xaa/StreetViewx-80.314410x25.591639, 1
images/xaa/StreetViewx-80.320550x25.677796, 1
images/xaa/StreetViewx-80.268453x25.755697, 1
images/xaa/StreetViewx-80.321699x25.609914, 2
images/xaa/StreetViewx-80.268840x25.752717, 1
images/xaa/StreetViewx-80.270980x25.752236, 1
images/xaa/StreetViewx-80.275937x25.706809, 2
images/xaa/StreetViewx-80.320763x25.579839, 2
images/xaa/StreetViewx-80.282388x25.685568, 1
images/xaa/StreetViewx-80.265526x25.722076, 3
images/xaa/StreetViewx-80.281481x25.759418, 2
images/xaa/StreetViewx-80.271316x25.756493, 1
images/xaa/StreetViewx-80.321535x25.575457, 1
images/xaa/StreetViewx-80.298520x25.631396, 1
images/xaa/StreetViewx-80.283341x25.750040, 2
images/xaa/StreetViewx-80.287199x25.753434, 1
images/xaa/StreetViewx-80.322327x25.681753, 1
images/xaa/StreetViewx-80.321012x25.683345, 1
images/xaa/StreetViewx-80.314928x25.589552, 1
images/xaa/StreetViewx-80.270867x25.709895, 1
images/xaa/StreetViewx-80.321572x25.628607, 1
images/xaa/StreetViewx-80.315979x25.588894, 1
images/xaa/StreetViewx-80.278058x25.678075, 1
images/xaa/StreetViewx-80.272907x25.755511, 2
images/xaa/StreetViewx-80.323990x25.577318, 2
images/xaa/StreetViewx-80.322693x25.686798, 1
images/xaa/StreetViewx-80.270616x25.755644, 2
images/xaa/StreetViewx-80.280214x25.753184, 2
images/xaa/StreetViewx-80.282454x25.761508, 2
images/xaa/StreetViewx-80.323181x25.585297, 1
images/xaa/StreetViewx-80.266130x25.753707, 2
images/xaa/StreetViewx-80.284249x25.735182, 1
images/xaa/StreetViewx-80.275012x25.763200, 1
images/xaa/StreetViewx-80.267813x25.746570, 3
images/xaa/StreetViewx-80.319676x25.583633, 1
images/xaa/StreetViewx-80.272314x25.714955, 1
images/xaa/StreetViewx-80.281192x25.670380, 1
images/xaa/StreetViewx-80.320761x25.577572, 1
images/xaa/StreetViewx-80.266784x25.734872, 2
images/xaa/StreetViewx-80.287553x25.762562, 1
images/xaa/StreetViewx-80.279735x25.734802, 1
images/xaa/StreetViewx-80.280024x25.755314, 1
images/xaa/StreetViewx-80.323632x25.687464, 2
images/xaa/StreetViewx-80.246676x25.708025, 1
images/xaa/StreetViewx-80.316457x25.591482, 1
images/xaa/StreetViewx-80.311813x25.631682, 1
images/xaa/StreetViewx-80.320459x25.624850, 1
images/xaa/StreetViewx-80.272943x25.709004, 2
images/xaa/StreetViewx-80.323724x25.586742, 1
images/xaa/StreetViewx-80.321175x25.587802, 1
images/xaa/StreetViewx-80.268740x25.724633, 1
images/xaa/StreetViewx-80.247784x25.708372, 1
images/xaa/StreetViewx-80.282628x25.755174, 2
images/xaa/StreetViewx-80.321131x25.639031, 1
images/xaa/StreetViewx-80.320588x25.624103, 1
images/xaa/StreetViewx-80.245495x25.699935, 1
images/xaa/StreetViewx-80.322916x25.606650, 1
images/xaa/StreetViewx-80.265742x25.713744, 1
images/xaa/StreetViewx-80.273786x25.741955, 1
images/xaa/StreetViewx-80.322601x25.582365, 3
images/xaa/StreetViewx-80.276587x25.744891, 1
images/xaa/StreetViewx-80.320921x25.585862, 1
images/xaa/StreetViewx-80.322689x25.628578, 1
images/xaa/StreetViewx-80.272648x25.736698, 1
images/xaa/StreetViewx-80.321343x25.640969, 1
images/xaa/StreetViewx-80.321609x25.582596, 1
images/xaa/StreetViewx-80.272303x25.762149, 2
images/xaa/StreetViewx-80.265952x25.719275, 1
images/xaa/StreetViewx-80.322790x25.585651, 1
images/xaa/StreetViewx-80.277970x25.754897, 1
images/xaa/StreetViewx-80.322419x25.595652, 1
images/xaa/StreetViewx-80.268653x25.700448, 1
images/xaa/StreetViewx-80.316011x25.599205, 1
images/xaa/StreetViewx-80.273413x25.706255, 2
images/xaa/StreetViewx-80.280012x25.759854, 2
images/xaa/StreetViewx-80.274881x25.737135, 1
images/xaa/StreetViewx-80.269339x25.745689, 3
images/xaa/StreetViewx-80.296994x25.633986, 3
images/xaa/StreetViewx-80.270767x25.751563, 3
images/xaa/StreetViewx-80.323621x25.576474, 1
images/xaa/StreetViewx-80.320656x25.580138, 2
images/xaa/StreetViewx-80.284819x25.735116, 2
images/xaa/StreetViewx-80.267747x25.752868, 1
images/xaa/StreetViewx-80.266569x25.755730, 1
images/xaa/StreetViewx-80.280634x25.756487, 1
images/xaa/StreetViewx-80.305116x25.636111, 1
images/xaa/StreetViewx-80.280950x25.759476, 1
images/xaa/StreetViewx-80.311526x25.624882, 1
images/xaa/StreetViewx-80.315432x25.608633, 1
images/xaa/StreetViewx-80.268517x25.753225, 2
images/xaa/StreetViewx-80.276953x25.710419, 1
images/xaa/StreetViewx-80.285469x25.663402, 1
images/xaa/StreetViewx-80.281774x25.758073, 1
images/xaa/StreetViewx-80.322299x25.578770, 1
images/xaa/StreetViewx-80.320854x25.582625, 1
images/xaa/StreetViewx-80.269941x25.734173, 1
images/xaa/StreetViewx-80.319819x25.580272, 1
images/xaa/StreetViewx-80.285169x25.759057, 1
images/xaa/StreetViewx-80.282830x25.750835, 2
images/xaa/StreetViewx-80.316080x25.587824, 1
images/xaa/StreetViewx-80.272064x25.761893, 1
images/xaa/StreetViewx-80.284275x25.755340, 2
images/xaa/StreetViewx-80.276518x25.673424, 3
images/xaa/StreetViewx-80.280963x25.670967, 1
images/xaa/StreetViewx-80.318415x25.596430, 1
images/xaa/StreetViewx-80.281832x25.724883, 1
images/xaa/StreetViewx-80.320421x25.582913, 1
images/xaa/StreetViewx-80.279050x25.725180, 1
images/xaa/StreetViewx-80.268157x25.738422, 2
images/xaa/StreetViewx-80.273108x25.763556, 2
images/xaa/StreetViewx-80.318020x25.680029, 1
images/xaa/StreetViewx-80.317686x25.600494, 1
images/xaa/StreetViewx-80.323987x25.577630, 1
images/xaa/StreetViewx-80.318689x25.592385, 1
images/xaa/StreetViewx-80.318578x25.584387, 1
images/xaa/StreetViewx-80.278221x25.651035, 1
images/xaa/StreetViewx-80.273495x25.761072, 1
images/xaa/StreetViewx-80.314778x25.633598, 1
images/xaa/StreetViewx-80.267202x25.735821, 1
images/xaa/StreetViewx-80.312365x25.592550, 1
images/xaa/StreetViewx-80.270399x25.714013, 1
images/xaa/StreetViewx-80.269029x25.732583, 1
images/xaa/StreetViewx-80.270162x25.672568, 1
images/xaa/StreetViewx-80.278871x25.757551, 2
images/xaa/StreetViewx-80.265852x25.747909, 3
images/xaa/StreetViewx-80.322306x25.593574, 1
images/xaa/StreetViewx-80.322163x25.681483, 1
images/xaa/StreetViewx-80.314099x25.592270, 1
images/xaa/StreetViewx-80.277703x25.668674, 1
images/xaa/StreetViewx-80.295038x25.636893, 2
images/xaa/StreetViewx-80.323809x25.574075, 1
images/xaa/StreetViewx-80.323523x25.669501, 1
images/xaa/StreetViewx-80.270275x25.722635, 1
images/xaa/StreetViewx-80.313109x25.593370, 1
images/xaa/StreetViewx-80.277245x25.709593, 2
images/xaa/StreetViewx-80.272275x25.746519, 1
images/xaa/StreetViewx-80.281586x25.705229, 1
images/xaa/StreetViewx-80.323783x25.571296, 1
images/xaa/StreetViewx-80.320742x25.578942, 2
images/xaa/StreetViewx-80.285572x25.728189, 1
images/xaa/StreetViewx-80.320384x25.588031, 1
images/xaa/StreetViewx-80.319749x25.691644, 1
images/xaa/StreetViewx-80.289409x25.643035, 1
images/xaa/StreetViewx-80.312394x25.592953, 1
images/xaa/StreetViewx-80.323023x25.684384, 1
images/xaa/StreetViewx-80.267967x25.708505, 2
images/xaa/StreetViewx-80.283935x25.759706, 1
images/xaa/StreetViewx-80.282345x25.759710, 1
images/xaa/StreetViewx-80.271395x25.708381, 1
images/xaa/StreetViewx-80.310098x25.615437, 1
images/xaa/StreetViewx-80.322973x25.585268, 1
images/xaa/StreetViewx-80.317511x25.606739, 1
images/xaa/StreetViewx-80.322095x25.597471, 1
images/xaa/StreetViewx-80.270312x25.755115, 2
images/xaa/StreetViewx-80.269447x25.744464, 1
images/xaa/StreetViewx-80.282823x25.669277, 1
images/xaa/StreetViewx-80.312871x25.609033, 1
images/xaa/StreetViewx-80.315456x25.593522, 1
images/xaa/StreetViewx-80.273410x25.674934, 1
images/xaa/StreetViewx-80.281891x25.760694, 1
images/xaa/StreetViewx-80.283304x25.684644, 2
images/xaa/StreetViewx-80.283357x25.760752, 1
images/xaa/StreetViewx-80.273190x25.723102, 1
images/xaa/StreetViewx-80.284986x25.752721, 2
images/xaa/StreetViewx-80.270568x25.713563, 1
images/xaa/StreetViewx-80.312144x25.628648, 1
images/xaa/StreetViewx-80.319102x25.579630, 2
images/xaa/StreetViewx-80.280135x25.753478, 2
images/xaa/StreetViewx-80.320929x25.581490, 2
images/xaa/StreetViewx-80.323824x25.584441, 1
images/xaa/StreetViewx-80.274593x25.711433, 1
images/xaa/StreetViewx-80.280063x25.707820, 1
images/xaa/StreetViewx-80.322222x25.620809, 1
images/xaa/StreetViewx-80.282721x25.750194, 1
images/xaa/StreetViewx-80.318991x25.599335, 2
images/xaa/StreetViewx-80.322006x25.587369, 1
images/xaa/StreetViewx-80.314418x25.619587, 1
images/xaa/StreetViewx-80.271663x25.748531, 1
images/xaa/StreetViewx-80.265523x25.742470, 1
images/xaa/StreetViewx-80.278250x25.762371, 1
images/xaa/StreetViewx-80.322128x25.597901, 1
images/xaa/StreetViewx-80.322675x25.575851, 2
images/xaa/StreetViewx-80.267216x25.683272, 3
images/xaa/StreetViewx-80.319302x25.580264, 1
images/xaa/StreetViewx-80.317371x25.602950, 1
images/xaa/StreetViewx-80.276605x25.652381, 1
images/xaa/StreetViewx-80.280029x25.748380, 1
images/xaa/StreetViewx-80.320795x25.678662, 2
images/xaa/StreetViewx-80.310731x25.636831, 1
images/xaa/StreetViewx-80.313182x25.611993, 1
images/xaa/StreetViewx-80.276709x25.750235, 1
images/xaa/StreetViewx-80.272072x25.746475, 3
images/xaa/StreetViewx-80.284258x25.756958, 1
images/xaa/StreetViewx-80.273721x25.744868, 1
images/xaa/StreetViewx-80.320846x25.574541, 1
images/xaa/StreetViewx-80.284647x25.653254, 1
images/xaa/StreetViewx-80.281774x25.760056, 1
images/xaa/StreetViewx-80.269063x25.716514, 2
images/xaa/StreetViewx-80.299767x25.635675, 2
images/xaa/StreetViewx-80.321578x25.585289, 1
images/xaa/StreetViewx-80.313997x25.643735, 1
images/xaa/StreetViewx-80.319118x25.579848, 1
images/xaa/StreetViewx-80.312543x25.628660, 1
images/xaa/StreetViewx-80.320363x25.635662, 1
images/xaa/StreetViewx-80.283026x25.757488, 1
images/xaa/StreetViewx-80.285752x25.728896, 1
images/xaa/StreetViewx-80.274393x25.754808, 1
images/xaa/StreetViewx-80.322955x25.689782, 1
images/xaa/StreetViewx-80.271303x25.751780, 2
images/xaa/StreetViewx-80.283155x25.761593, 1
images/xaa/StreetViewx-80.267642x25.749997, 2
images/xaa/StreetViewx-80.282082x25.747520, 1
images/xaa/StreetViewx-80.281960x25.761900, 1
images/xaa/StreetViewx-80.321346x25.604277, 1
images/xaa/StreetViewx-80.313405x25.589816, 1
images/xab/StreetViewx-80.336293x25.607705, 1
images/xab/StreetViewx-80.338833x25.624695, 3
images/xab/StreetViewx-80.325488x25.583817, 1
images/xab/StreetViewx-80.334936x25.564172, 1
images/xab/StreetViewx-80.336790x25.564762, 2
images/xab/StreetViewx-80.327681x25.588558, 1
images/xab/StreetViewx-80.334757x25.566439, 1
images/xab/StreetViewx-80.336894x25.555444, 1
images/xab/StreetViewx-80.334772x25.594075, 1
images/xab/StreetViewx-80.335618x25.573403, 2
images/xab/StreetViewx-80.336290x25.556408, 1
images/xab/StreetViewx-80.336724x25.585567, 1
images/xab/StreetViewx-80.326879x25.582810, 1
images/xab/StreetViewx-80.338415x25.574623, 2
images/xab/StreetViewx-80.325493x25.575807, 1
images/xab/StreetViewx-80.338503x25.567823, 2
images/xab/StreetViewx-80.337431x25.651632, 1
images/xab/StreetViewx-80.327951x25.571340, 1
images/xab/StreetViewx-80.325548x25.670812, 1
images/xab/StreetViewx-80.337762x25.568275, 2
images/xab/StreetViewx-80.325470x25.587074, 1
images/xab/StreetViewx-80.337631x25.654036, 2
images/xab/StreetViewx-80.333915x25.621077, 1
images/xab/StreetViewx-80.326227x25.580444, 1
images/xab/StreetViewx-80.337771x25.597442, 2
images/xab/StreetViewx-80.337085x25.597368, 1
images/xab/StreetViewx-80.330147x25.665122, 1
images/xab/StreetViewx-80.325239x25.574166, 1
images/xab/StreetViewx-80.325651x25.589519, 1
images/xab/StreetViewx-80.327746x25.575393, 1
images/xab/StreetViewx-80.334924x25.565533, 2
images/xab/StreetViewx-80.333829x25.578554, 1
images/xab/StreetViewx-80.327675x25.581277, 1
images/xab/StreetViewx-80.329296x25.636985, 1
images/xab/StreetViewx-80.336053x25.565561, 2
images/xab/StreetViewx-80.337294x25.651628, 1
images/xab/StreetViewx-80.334205x25.569673, 1
images/xab/StreetViewx-80.338344x25.571269, 1
images/xab/StreetViewx-80.337633x25.579517, 1
images/xab/StreetViewx-80.328521x25.584863, 1
images/xab/StreetViewx-80.324620x25.594620, 1
images/xab/StreetViewx-80.336295x25.574258, 2
images/xab/StreetViewx-80.329553x25.576151, 1
images/xab/StreetViewx-80.326736x25.578436, 1
images/xab/StreetViewx-80.330037x25.629480, 1
images/xab/StreetViewx-80.335924x25.573801, 2
images/xab/StreetViewx-80.335881x25.570081, 2
images/xab/StreetViewx-80.329089x25.609102, 1
images/xab/StreetViewx-80.324565x25.683118, 1
images/xab/StreetViewx-80.333959x25.593404, 1
images/xab/StreetViewx-80.326389x25.577330, 1
images/xab/StreetViewx-80.327784x25.571366, 1
images/xab/StreetViewx-80.334584x25.566984, 1
images/xab/StreetViewx-80.327946x25.592780, 1
images/xab/StreetViewx-80.336339x25.688641, 1
images/xab/StreetViewx-80.337183x25.566244, 1
images/xab/StreetViewx-80.335424x25.570667, 2
images/xab/StreetViewx-80.327296x25.588064, 1
images/xab/StreetViewx-80.335825x25.628685, 2
images/xab/StreetViewx-80.328142x25.582022, 1
images/xab/StreetViewx-80.338230x25.579252, 1
images/xab/StreetViewx-80.324882x25.595677, 1
images/xab/StreetViewx-80.326583x25.580264, 1
images/xab/StreetViewx-80.338645x25.555115, 1
images/xab/StreetViewx-80.335926x25.564190, 1
images/xab/StreetViewx-80.329345x25.572484, 1
images/xab/StreetViewx-80.328861x25.572564, 1
images/xab/StreetViewx-80.334567x25.575082, 2
images/xab/StreetViewx-80.337328x25.657216, 1
images/xab/StreetViewx-80.334170x25.561993, 1
images/xab/StreetViewx-80.324490x25.589044, 2
images/xab/StreetViewx-80.336188x25.576318, 2
images/xab/StreetViewx-80.334308x25.594092, 1
images/xab/StreetViewx-80.335055x25.554699, 1
images/xab/StreetViewx-80.325623x25.680556, 1
images/xab/StreetViewx-80.338564x25.597514, 1
images/xab/StreetViewx-80.329765x25.574773, 2
images/xab/StreetViewx-80.326852x25.571124, 1
images/xab/StreetViewx-80.336877x25.580532, 1
images/xab/StreetViewx-80.326324x25.597803, 1
images/xab/StreetViewx-80.327167x25.573711, 1
images/xab/StreetViewx-80.338295x25.564124, 2
images/xab/StreetViewx-80.335611x25.566181, 1
images/xab/StreetViewx-80.326171x25.581343, 1
images/xab/StreetViewx-80.337431x25.593554, 2
images/xab/StreetViewx-80.334734x25.586128, 2
images/xab/StreetViewx-80.336937x25.565553, 2
images/xab/StreetViewx-80.336838x25.566112, 2
images/xab/StreetViewx-80.336081x25.597505, 1
images/xab/StreetViewx-80.336431x25.595298, 1
images/xab/StreetViewx-80.334582x25.592818, 2
images/xab/StreetViewx-80.337205x25.590184, 1
images/xab/StreetViewx-80.329642x25.627105, 1
images/xab/StreetViewx-80.325198x25.588112, 1
images/xab/StreetViewx-80.325289x25.596113, 1
images/xab/StreetViewx-80.335691x25.565329, 2
images/xab/StreetViewx-80.338746x25.581882, 1
images/xab/StreetViewx-80.324251x25.676139, 1
images/xab/StreetViewx-80.329244x25.574358, 1
images/xab/StreetViewx-80.336088x25.565241, 1
images/xab/StreetViewx-80.338596x25.568021, 1
images/xab/StreetViewx-80.338793x25.564108, 2
images/xab/StreetViewx-80.337175x25.572475, 1
images/xab/StreetViewx-80.336665x25.558885, 1
images/xab/StreetViewx-80.333760x25.587086, 1
images/xab/StreetViewx-80.335366x25.572623, 2
images/xab/StreetViewx-80.328779x25.597925, 1
images/xab/StreetViewx-80.325485x25.583164, 2
images/xab/StreetViewx-80.327052x25.566903, 2
images/xab/StreetViewx-80.337596x25.556108, 1
images/xab/StreetViewx-80.337860x25.593843, 1
images/xab/StreetViewx-80.337759x25.583038, 1
images/xab/StreetViewx-80.337873x25.612133, 1
images/xab/StreetViewx-80.326070x25.584498, 1
images/xab/StreetViewx-80.333996x25.585749, 1
images/xab/StreetViewx-80.324881x25.592694, 1
images/xab/StreetViewx-80.334681x25.571449, 2
images/xab/StreetViewx-80.337041x25.591384, 1
images/xab/StreetViewx-80.328058x25.667844, 2
images/xab/StreetViewx-80.335229x25.561677, 1
images/xab/StreetViewx-80.324648x25.677055, 1
images/xab/StreetViewx-80.336706x25.557625, 1
images/xab/StreetViewx-80.327060x25.662889, 1
images/xab/StreetViewx-80.327801x25.687840, 1
images/xab/StreetViewx-80.334121x25.582361, 1
images/xab/StreetViewx-80.336738x25.555086, 1
images/xab/StreetViewx-80.338224x25.593154, 2
images/xab/StreetViewx-80.329180x25.669389, 1
images/xab/StreetViewx-80.329019x25.659823, 1
images/xab/StreetViewx-80.337563x25.564216, 2
images/xab/StreetViewx-80.338276x25.583686, 2
images/xab/StreetViewx-80.336151x25.575918, 1
images/xab/StreetViewx-80.336375x25.565226, 2
images/xab/StreetViewx-80.337067x25.582621, 1
images/xab/StreetViewx-80.335006x25.571313, 2
images/xab/StreetViewx-80.338486x25.639509, 1
images/xab/StreetViewx-80.334689x25.571587, 2
images/xab/StreetViewx-80.326302x25.575383, 1
images/xab/StreetViewx-80.324367x25.638115, 1
images/xab/StreetViewx-80.326951x25.594284, 1
images/xab/StreetViewx-80.327587x25.580064, 1
images/xab/StreetViewx-80.324585x25.583589, 1
images/xab/StreetViewx-80.327522x25.572309, 1
images/xab/StreetViewx-80.338630x25.595263, 1
images/xab/StreetViewx-80.335050x25.570676, 2
images/xab/StreetViewx-80.328358x25.577439, 1
images/xab/StreetViewx-80.334090x25.664942, 2
images/xab/StreetViewx-80.327466x25.580848, 1
images/xab/StreetViewx-80.334255x25.608488, 1
images/xab/StreetViewx-80.338371x25.573119, 1
images/xab/StreetViewx-80.329755x25.579886, 1
images/xab/StreetViewx-80.336561x25.676106, 1
images/xab/StreetViewx-80.334213x25.652971, 1
images/xab/StreetViewx-80.335903x25.576905, 1
images/xab/StreetViewx-80.335798x25.681495, 2
images/xab/StreetViewx-80.335968x25.561111, 1
images/xab/StreetViewx-80.334071x25.566051, 3
images/xab/StreetViewx-80.333723x25.567017, 1
images/xab/StreetViewx-80.338134x25.604228, 1
images/xab/StreetViewx-80.335633x25.565700, 2
images/xab/StreetViewx-80.325896x25.583946, 1
images/xab/StreetViewx-80.335694x25.665627, 1
images/xab/StreetViewx-80.336396x25.582332, 1
images/xab/StreetViewx-80.328590x25.641390, 1
images/xab/StreetViewx-80.325960x25.605939, 2
images/xab/StreetViewx-80.338216x25.582609, 1
images/xab/StreetViewx-80.325529x25.576467, 2
images/xab/StreetViewx-80.336904x25.593542, 1
images/xab/StreetViewx-80.325259x25.595314, 1
images/xab/StreetViewx-80.338597x25.581722, 1
images/xab/StreetViewx-80.337488x25.568681, 2
images/xab/StreetViewx-80.326099x25.577497, 1
images/xab/StreetViewx-80.327842x25.573868, 1
images/xab/StreetViewx-80.338206x25.690598, 1
images/xab/StreetViewx-80.328102x25.569256, 1
images/xab/StreetViewx-80.325368x25.636064, 2
images/xab/StreetViewx-80.335758x25.555321, 1
images/xab/StreetViewx-80.325705x25.574319, 2
images/xab/StreetViewx-80.324745x25.572669, 1
images/xab/StreetViewx-80.333726x25.588224, 1
images/xab/StreetViewx-80.336447x25.574256, 1
images/xab/StreetViewx-80.335008x25.555391, 1
images/xab/StreetViewx-80.334644x25.585259, 1
images/xab/StreetViewx-80.335728x25.564551, 2
images/xab/StreetViewx-80.327497x25.679895, 3
images/xab/StreetViewx-80.337218x25.652241, 1
images/xab/StreetViewx-80.337808x25.555602, 1
images/xab/StreetViewx-80.324749x25.580836, 1
images/xab/StreetViewx-80.325263x25.591315, 2
images/xab/StreetViewx-80.324840x25.613644, 1
images/xab/StreetViewx-80.329419x25.586876, 1
images/xab/StreetViewx-80.325144x25.671359, 1
images/xab/StreetViewx-80.326293x25.575836, 1
images/xab/StreetViewx-80.334388x25.589047, 1
images/xab/StreetViewx-80.338815x25.594105, 1
images/xab/StreetViewx-80.324323x25.687755, 1
images/xab/StreetViewx-80.335420x25.667670, 3
images/xab/StreetViewx-80.325014x25.583990, 2
images/xab/StreetViewx-80.335374x25.582770, 1
images/xab/StreetViewx-80.335669x25.688658, 2
images/xab/StreetViewx-80.335665x25.595960, 1
images/xab/StreetViewx-80.337352x25.651369, 1
images/xab/StreetViewx-80.337094x25.580065, 1
images/xab/StreetViewx-80.336554x25.622957, 1
images/xab/StreetViewx-80.328820x25.691620, 1
images/xab/StreetViewx-80.335465x25.571579, 1
images/xab/StreetViewx-80.333945x25.647692, 2
images/xab/StreetViewx-80.330019x25.573777, 1
images/xab/StreetViewx-80.325200x25.575407, 1
images/xab/StreetViewx-80.325682x25.590346, 2
images/xab/StreetViewx-80.324787x25.581700, 1
images/xab/StreetViewx-80.333787x25.620575, 2
images/xab/StreetViewx-80.324209x25.690331, 1
images/xab/StreetViewx-80.328337x25.574461, 1
images/xab/StreetViewx-80.335706x25.584367, 1
images/xab/StreetViewx-80.335757x25.555752, 1
images/xab/StreetViewx-80.338218x25.590299, 1
images/xab/StreetViewx-80.334896x25.570680, 2
images/xab/StreetViewx-80.336760x25.636853, 2
images/xab/StreetViewx-80.337555x25.591832, 1
images/xab/StreetViewx-80.338409x25.565244, 1
images/xab/StreetViewx-80.334051x25.564510, 2
images/xab/StreetViewx-80.336277x25.564547, 2
images/xab/StreetViewx-80.329976x25.580609, 1
images/xab/StreetViewx-80.334372x25.571877, 2
images/xab/StreetViewx-80.330196x25.625224, 1
images/xab/StreetViewx-80.334069x25.565938, 1
images/xab/StreetViewx-80.334349x25.577209, 2
images/xab/StreetViewx-80.329141x25.584436, 1
images/xab/StreetViewx-80.328782x25.602374, 1
images/xab/StreetViewx-80.329741x25.584406, 2
images/xab/StreetViewx-80.336985x25.573777, 1
images/xab/StreetViewx-80.335579x25.671892, 2
images/xab/StreetViewx-80.334647x25.580916, 1
images/xab/StreetViewx-80.326835x25.572743, 1
images/xab/StreetViewx-80.333884x25.628789, 2
images/xab/StreetViewx-80.329716x25.685916, 1
images/xab/StreetViewx-80.324557x25.681874, 1
images/xab/StreetViewx-80.336890x25.570072, 2
images/xab/StreetViewx-80.330173x25.678834, 1
images/xab/StreetViewx-80.325401x25.578074, 1
images/xab/StreetViewx-80.336617x25.566732, 1
images/xab/StreetViewx-80.327311x25.592653, 1
images/xab/StreetViewx-80.333774x25.675139, 1
images/xab/StreetViewx-80.325040x25.683108, 1
images/xab/StreetViewx-80.325997x25.582019, 1
images/xab/StreetViewx-80.329668x25.661993, 1
images/xab/StreetViewx-80.335600x25.556756, 1
images/xab/StreetViewx-80.329693x25.577782, 1
images/xab/StreetViewx-80.333792x25.560813, 1
images/xab/StreetViewx-80.325982x25.587329, 1
images/xab/StreetViewx-80.334799x25.670947, 1
images/xab/StreetViewx-80.337747x25.674047, 1
images/xab/StreetViewx-80.337371x25.584559, 1
images/xab/StreetViewx-80.327664x25.574796, 1
images/xab/StreetViewx-80.327326x25.573701, 1
images/xab/StreetViewx-80.336371x25.556379, 1
images/xab/StreetViewx-80.325228x25.671082, 1
images/xab/StreetViewx-80.336336x25.576313, 1
images/xab/StreetViewx-80.337803x25.555507, 1
images/xab/StreetViewx-80.338612x25.592513, 1
images/xab/StreetViewx-80.325254x25.587110, 1
images/xab/StreetViewx-80.337179x25.566120, 1
images/xab/StreetViewx-80.338439x25.582298, 1
images/xab/StreetViewx-80.326714x25.691568, 1
images/xab/StreetViewx-80.329136x25.575808, 1
images/xab/StreetViewx-80.324509x25.596517, 3
images/xab/StreetViewx-80.337409x25.592807, 1
images/xab/StreetViewx-80.329940x25.678449, 1
images/xab/StreetViewx-80.338396x25.565547, 1
images/xab/StreetViewx-80.328513x25.689933, 2
images/xab/StreetViewx-80.338395x25.591552, 1
images/xab/StreetViewx-80.338813x25.671237, 1
images/xab/StreetViewx-80.338162x25.569359, 2
images/xab/StreetViewx-80.326547x25.597952, 1
images/xab/StreetViewx-80.335016x25.571586, 1
images/xab/StreetViewx-80.334414x25.681227, 3
images/xab/StreetViewx-80.337510x25.573374, 1
images/xab/StreetViewx-80.327227x25.597101, 1
images/xab/StreetViewx-80.325858x25.582210, 1
images/xab/StreetViewx-80.329016x25.579244, 1
images/xab/StreetViewx-80.329187x25.589671, 1
images/xab/StreetViewx-80.338778x25.681511, 1
images/xab/StreetViewx-80.334591x25.582782, 1
images/xab/StreetViewx-80.335975x25.598745, 1
images/xab/StreetViewx-80.329516x25.595637, 1
images/xab/StreetViewx-80.327992x25.570743, 1
images/xab/StreetViewx-80.325694x25.573075, 1
images/xab/StreetViewx-80.336420x25.593979, 1
images/xab/StreetViewx-80.335681x25.581984, 1
images/xab/StreetViewx-80.338198x25.688609, 1
images/xab/StreetViewx-80.333847x25.563502, 1
images/xab/StreetViewx-80.335143x25.602174, 1
images/xab/StreetViewx-80.334712x25.580276, 2
images/xab/StreetViewx-80.325643x25.596954, 1
images/xab/StreetViewx-80.334984x25.574279, 1
images/xab/StreetViewx-80.324159x25.594823, 1
images/xab/StreetViewx-80.328455x25.624346, 1
images/xab/StreetViewx-80.334547x25.565936, 2
images/xab/StreetViewx-80.327783x25.659209, 1
images/xab/StreetViewx-80.335780x25.555233, 1
images/xab/StreetViewx-80.337784x25.555324, 1
images/xab/StreetViewx-80.328591x25.680306, 1
images/xab/StreetViewx-80.327718x25.595606, 1
images/xab/StreetViewx-80.338523x25.592198, 1
images/xab/StreetViewx-80.327089x25.684107, 1
images/xab/StreetViewx-80.338551x25.585466, 1
images/xab/StreetViewx-80.333995x25.578535, 2
images/xab/StreetViewx-80.338926x25.578966, 2
images/xab/StreetViewx-80.338707x25.622130, 1
images/xab/StreetViewx-80.336130x25.582335, 1
images/xab/StreetViewx-80.334266x25.570130, 1
images/xab/StreetViewx-80.327505x25.574446, 1
images/xab/StreetViewx-80.338527x25.691025, 1
images/xab/StreetViewx-80.336300x25.571398, 1
images/xab/StreetViewx-80.335586x25.663611, 1
images/xab/StreetViewx-80.337886x25.569655, 2
images/xab/StreetViewx-80.337971x25.573765, 1
images/xab/StreetViewx-80.333983x25.622774, 1
images/xab/StreetViewx-80.335763x25.593970, 1
images/xab/StreetViewx-80.328007x25.574447, 1
images/xab/StreetViewx-80.329259x25.571338, 1
images/xab/StreetViewx-80.337443x25.574968, 2
images/xab/StreetViewx-80.338245x25.565143, 1
images/xab/StreetViewx-80.327499x25.573371, 1
images/xab/StreetViewx-80.338868x25.575304, 2
images/xab/StreetViewx-80.336632x25.592547, 1
images/xab/StreetViewx-80.334368x25.592899, 1
images/xab/StreetViewx-80.338500x25.557968, 1
images/xab/StreetViewx-80.326438x25.668116, 1
images/xab/StreetViewx-80.337121x25.583373, 2
images/xab/StreetViewx-80.336318x25.619940, 1
images/xab/StreetViewx-80.326474x25.567814, 2
images/xab/StreetViewx-80.329318x25.659859, 1
images/xab/StreetViewx-80.337537x25.575851, 2
images/xab/StreetViewx-80.338126x25.573350, 2
images/xab/StreetViewx-80.329686x25.573426, 1
images/xab/StreetViewx-80.329822x25.598269, 1
images/xab/StreetViewx-80.334280x25.573029, 4
images/xab/StreetViewx-80.327999x25.574793, 1
images/xab/StreetViewx-80.336397x25.593540, 1
images/xab/StreetViewx-80.336800x25.601785, 1
images/xab/StreetViewx-80.333790x25.582363, 1
images/xab/StreetViewx-80.335050x25.575471, 3
images/xab/StreetViewx-80.336223x25.612045, 1
images/xab/StreetViewx-80.337867x25.689758, 1
images/xab/StreetViewx-80.329921x25.578968, 1
images/xab/StreetViewx-80.336169x25.584876, 1
images/xab/StreetViewx-80.327231x25.580855, 1
images/xab/StreetViewx-80.334736x25.584109, 1
images/xab/StreetViewx-80.336825x25.566353, 2
images/xab/StreetViewx-80.324765x25.581919, 2
images/xab/StreetViewx-80.327417x25.661345, 2
images/xab/StreetViewx-80.337354x25.592538, 1
images/xab/StreetViewx-80.328087x25.685365, 1
images/xab/StreetViewx-80.329875x25.632360, 1
images/xab/StreetViewx-80.336687x25.573774, 2
images/xab/StreetViewx-80.334940x25.598809, 1
images/xab/StreetViewx-80.336079x25.568267, 2
images/xab/StreetViewx-80.327660x25.642009, 1
images/xab/StreetViewx-80.338088x25.569649, 2
images/xab/StreetViewx-80.338424x25.575039, 2
images/xab/StreetViewx-80.337306x25.601471, 1
images/xab/StreetViewx-80.337924x25.604654, 1
images/xab/StreetViewx-80.338245x25.620093, 2
images/xab/StreetViewx-80.335476x25.572908, 1
images/xab/StreetViewx-80.329329x25.691466, 1
images/xab/StreetViewx-80.335973x25.630647, 1
images/xab/StreetViewx-80.327107x25.609503, 1
images/xab/StreetViewx-80.327035x25.567245, 2
images/xab/StreetViewx-80.334326x25.577894, 1
images/xab/StreetViewx-80.328758x25.673512, 1
images/xab/StreetViewx-80.336158x25.582607, 1
images/xab/StreetViewx-80.337045x25.559282, 1
images/xab/StreetViewx-80.325410x25.615888, 2
images/xab/StreetViewx-80.337831x25.555775, 1
images/xab/StreetViewx-80.335606x25.566552, 1
images/xab/StreetViewx-80.326461x25.583299, 1
images/xab/StreetViewx-80.337908x25.591813, 1
images/xab/StreetViewx-80.335070x25.631102, 1
images/xab/StreetViewx-80.336835x25.582623, 1
images/xab/StreetViewx-80.328050x25.629488, 1
images/xab/StreetViewx-80.329212x25.598635, 2
images/xab/StreetViewx-80.338615x25.591350, 1
images/xab/StreetViewx-80.338425x25.664133, 2
images/xac/StreetViewx-80.342326x25.556013, 1
images/xac/StreetViewx-80.350686x25.576411, 1
images/xac/StreetViewx-80.343565x25.575621, 1
images/xac/StreetViewx-80.343126x25.555668, 1
images/xac/StreetViewx-80.347227x25.688954, 1
images/xac/StreetViewx-80.348969x25.570489, 3
images/xac/StreetViewx-80.339362x25.670175, 1
images/xac/StreetViewx-80.348474x25.597944, 2
images/xac/StreetViewx-80.339220x25.689901, 1
images/xac/StreetViewx-80.340857x25.593849, 1
images/xac/StreetViewx-80.343540x25.581372, 1
images/xac/StreetViewx-80.349632x25.577716, 1
images/xac/StreetViewx-80.343382x25.574643, 1
images/xac/StreetViewx-80.339948x25.556483, 1
images/xac/StreetViewx-80.348526x25.580131, 1
images/xac/StreetViewx-80.346157x25.591904, 1
images/xac/StreetViewx-80.345950x25.575388, 1
images/xac/StreetViewx-80.343860x25.579744, 1
images/xac/StreetViewx-80.342718x25.597495, 1
images/xac/StreetViewx-80.347906x25.672428, 1
images/xac/StreetViewx-80.348197x25.560731, 1
images/xac/StreetViewx-80.344272x25.557240, 1
images/xac/StreetViewx-80.339047x25.659702, 1
images/xac/StreetViewx-80.347065x25.588431, 1
images/xac/StreetViewx-80.344974x25.561733, 1
images/xac/StreetViewx-80.348955x25.683326, 1
images/xac/StreetViewx-80.340123x25.584691, 1
images/xac/StreetViewx-80.345440x25.573107, 1
images/xac/StreetViewx-80.341328x25.653230, 1
images/xac/StreetViewx-80.343847x25.595317, 1
images/xac/StreetViewx-80.349055x25.562098, 2
images/xac/StreetViewx-80.341027x25.679787, 1
images/xac/StreetViewx-80.346310x25.566966, 1
images/xac/StreetViewx-80.349292x25.591320, 1
images/xac/StreetViewx-80.350751x25.561457, 1
images/xac/StreetViewx-80.342801x25.680921, 2
images/xac/StreetViewx-80.350427x25.582970, 2
images/xac/StreetViewx-80.342315x25.577801, 1
images/xac/StreetViewx-80.349202x25.570474, 1
images/xac/StreetViewx-80.345873x25.597577, 1
images/xac/StreetViewx-80.339820x25.597824, 1
images/xac/StreetViewx-80.340735x25.577519, 2
images/xac/StreetViewx-80.342121x25.558879, 1
images/xac/StreetViewx-80.343746x25.557589, 1
images/xac/StreetViewx-80.339473x25.586082, 3
images/xac/StreetViewx-80.349801x25.592080, 1
images/xac/StreetViewx-80.339166x25.573748, 1
images/xac/StreetViewx-80.340291x25.662563, 1
images/xac/StreetViewx-80.340113x25.571703, 4
images/xac/StreetViewx-80.341584x25.690949, 1
images/xac/StreetViewx-80.350675x25.570026, 1
images/xac/StreetViewx-80.345152x25.582589, 1
images/xac/StreetViewx-80.340338x25.567856, 1
images/xac/StreetViewx-80.339523x25.597418, 1
images/xac/StreetViewx-80.343079x25.577428, 2
images/xac/StreetViewx-80.345236x25.557232, 1
images/xac/StreetViewx-80.345867x25.559566, 1
images/xac/StreetViewx-80.341996x25.597299, 2
images/xac/StreetViewx-80.340376x25.593547, 1
images/xac/StreetViewx-80.344133x25.568711, 2
images/xac/StreetViewx-80.343228x25.555527, 1
images/xac/StreetViewx-80.350728x25.567001, 1
images/xac/StreetViewx-80.343491x25.644803, 1
images/xac/StreetViewx-80.346443x25.580693, 1
images/xac/StreetViewx-80.347043x25.566271, 1
images/xac/StreetViewx-80.345934x25.575822, 1
images/xac/StreetViewx-80.346702x25.595496, 1
images/xac/StreetViewx-80.341469x25.596467, 1
images/xac/StreetViewx-80.344416x25.593149, 1
images/xac/StreetViewx-80.342420x25.613639, 1
images/xac/StreetViewx-80.341937x25.669060, 1
images/xac/StreetViewx-80.344325x25.580129, 1
images/xac/StreetViewx-80.343647x25.580282, 1
images/xac/StreetViewx-80.349281x25.560587, 1
images/xac/StreetViewx-80.345932x25.575603, 1
images/xac/StreetViewx-80.344917x25.561299, 1
images/xac/StreetViewx-80.339306x25.600331, 1
images/xac/StreetViewx-80.338996x25.667161, 1
images/xac/StreetViewx-80.342311x25.596098, 2
images/xac/StreetViewx-80.343220x25.589883, 1
images/xac/StreetViewx-80.349456x25.575297, 1
images/xac/StreetViewx-80.339620x25.575043, 2
images/xac/StreetViewx-80.341919x25.578236, 1
images/xac/StreetViewx-80.343599x25.588130, 3
images/xac/StreetViewx-80.339271x25.592538, 1
images/xac/StreetViewx-80.349825x25.560524, 1
images/xac/StreetViewx-80.346218x25.589905, 1
images/xac/StreetViewx-80.345061x25.596419, 1
images/xac/StreetViewx-80.347351x25.581155, 1
images/xac/StreetViewx-80.347525x25.574052, 1
images/xac/StreetViewx-80.347198x25.600689, 1
images/xac/StreetViewx-80.347493x25.563722, 1
images/xac/StreetViewx-80.343383x25.587159, 1
images/xac/StreetViewx-80.346395x25.577726, 2
images/xac/StreetViewx-80.341125x25.582592, 2
images/xac/StreetViewx-80.348828x25.668463, 1
images/xac/StreetViewx-80.349817x25.580295, 1
images/xac/StreetViewx-80.340414x25.658204, 1
images/xac/StreetViewx-80.347808x25.570974, 2
images/xac/StreetViewx-80.339100x25.672084, 1
images/xac/StreetViewx-80.343554x25.559169, 1
images/xac/StreetViewx-80.340430x25.585778, 1
images/xac/StreetViewx-80.346550x25.592534, 1
images/xac/StreetViewx-80.348717x25.583728, 2
images/xac/StreetViewx-80.349934x25.580696, 1
images/xac/StreetViewx-80.343858x25.588445, 1
images/xac/StreetViewx-80.350033x25.690898, 1
images/xac/StreetViewx-80.342270x25.556364, 1
images/xac/StreetViewx-80.342336x25.580136, 1
images/xac/StreetViewx-80.344398x25.577919, 2
images/xac/StreetViewx-80.340457x25.566884, 2
images/xac/StreetViewx-80.350717x25.565828, 1
images/xac/StreetViewx-80.348334x25.560683, 1
images/xac/StreetViewx-80.349398x25.678060, 1
images/xac/StreetViewx-80.341941x25.597165, 1
images/xac/StreetViewx-80.343390x25.559189, 1
images/xac/StreetViewx-80.347983x25.651257, 1
images/xac/StreetViewx-80.347277x25.662340, 1
images/xac/StreetViewx-80.341864x25.657100, 1
images/xac/StreetViewx-80.348870x25.566849, 2
images/xac/StreetViewx-80.339623x25.575340, 3
images/xac/StreetViewx-80.345087x25.584602, 1
images/xac/StreetViewx-80.343658x25.577260, 1
images/xac/StreetViewx-80.344392x25.586596, 1
images/xac/StreetViewx-80.349849x25.574023, 2
images/xac/StreetViewx-80.344741x25.595729, 1
images/xac/StreetViewx-80.339155x25.651338, 2
images/xac/StreetViewx-80.349634x25.592442, 2
images/xac/StreetViewx-80.338962x25.598326, 1
images/xac/StreetViewx-80.347917x25.587597, 1
images/xac/StreetViewx-80.341858x25.653634, 1
images/xac/StreetViewx-80.346222x25.585151, 1
images/xac/StreetViewx-80.348431x25.578356, 1
images/xac/StreetViewx-80.349798x25.571318, 1
images/xac/StreetViewx-80.341926x25.662515, 1
images/xac/StreetViewx-80.349421x25.579088, 1
images/xac/StreetViewx-80.347741x25.580940, 2
images/xac/StreetViewx-80.341806x25.659039, 2
images/xac/StreetViewx-80.346791x25.588793, 1
images/xac/StreetViewx-80.350163x25.576558, 1
images/xac/StreetViewx-80.343452x25.585720, 2
images/xac/StreetViewx-80.347285x25.565555, 1
images/xac/StreetViewx-80.341370x25.588888, 1
images/xac/StreetViewx-80.339322x25.582548, 2
images/xac/StreetViewx-80.346935x25.573998, 1
images/xac/StreetViewx-80.342704x25.688077, 1
images/xac/StreetViewx-80.345387x25.569337, 1
images/xac/StreetViewx-80.346699x25.595600, 1
images/xac/StreetViewx-80.347437x25.561380, 1
images/xac/StreetViewx-80.341980x25.618176, 1
images/xac/StreetViewx-80.345466x25.585661, 1
images/xac/StreetViewx-80.342764x25.555856, 1
images/xac/StreetViewx-80.350287x25.559796, 1
images/xac/StreetViewx-80.341188x25.556341, 1
images/xac/StreetViewx-80.345238x25.559337, 1
images/xac/StreetViewx-80.343775x25.676632, 2
images/xac/StreetViewx-80.349271x25.582747, 1
images/xac/StreetViewx-80.343581x25.556552, 1
images/xac/StreetViewx-80.349656x25.638860, 1
images/xac/StreetViewx-80.346711x25.589437, 1
images/xac/StreetViewx-80.344646x25.576362, 1
images/xac/StreetViewx-80.341959x25.587602, 2
images/xac/StreetViewx-80.346212x25.572189, 1
images/xac/StreetViewx-80.344103x25.574585, 2
images/xac/StreetViewx-80.341818x25.580151, 1
images/xac/StreetViewx-80.347966x25.578102, 2
images/xac/StreetViewx-80.344961x25.686725, 1
images/xac/StreetViewx-80.349001x25.578039, 1
images/xac/StreetViewx-80.347395x25.579260, 1
images/xac/StreetViewx-80.342332x25.588650, 1
images/xac/StreetViewx-80.348516x25.576952, 1
images/xac/StreetViewx-80.345539x25.663449, 2
images/xac/StreetViewx-80.339180x25.575298, 1
images/xac/StreetViewx-80.348694x25.593961, 1
images/xac/StreetViewx-80.346720x25.577020, 1
images/xac/StreetViewx-80.339096x25.571314, 3
images/xac/StreetViewx-80.347913x25.648505, 1
images/xac/StreetViewx-80.344879x25.567305, 2
images/xac/StreetViewx-80.348065x25.684927, 1
images/xac/StreetViewx-80.341264x25.556015, 1
images/xac/StreetViewx-80.341104x25.588544, 2
images/xac/StreetViewx-80.348713x25.595834, 1
images/xac/StreetViewx-80.350597x25.580125, 1
images/xac/StreetViewx-80.343941x25.608987, 1
images/xac/StreetViewx-80.341043x25.572657, 2
images/xac/StreetViewx-80.348731x25.570475, 1
images/xac/StreetViewx-80.341637x25.597615, 1
images/xac/StreetViewx-80.349694x25.579870, 1
images/xac/StreetViewx-80.347636x25.684921, 1
images/xac/StreetViewx-80.340454x25.565572, 1
images/xac/StreetViewx-80.345342x25.568079, 3
images/xac/StreetViewx-80.348742x25.580040, 1
images/xac/StreetViewx-80.339224x25.569204, 2
images/xac/StreetViewx-80.343693x25.578930, 1
images/xac/StreetViewx-80.349711x25.686629, 2
images/xac/StreetViewx-80.339723x25.567154, 1
images/xac/StreetViewx-80.348769x25.577723, 1
images/xac/StreetViewx-80.343887x25.556549, 1
images/xac/StreetViewx-80.350080x25.567027, 1
images/xac/StreetViewx-80.350292x25.560571, 2
images/xac/StreetViewx-80.342393x25.637023, 1
images/xac/StreetViewx-80.350127x25.594068, 1
images/xac/StreetViewx-80.348107x25.564438, 1
images/xac/StreetViewx-80.347803x25.591929, 2
images/xac/StreetViewx-80.345784x25.573668, 1
images/xac/StreetViewx-80.348523x25.560617, 2
images/xac/StreetViewx-80.339959x25.556093, 1
images/xac/StreetViewx-80.348675x25.560307, 1
images/xac/StreetViewx-80.342502x25.592005, 2
images/xac/StreetViewx-80.349598x25.561685, 1
images/xac/StreetViewx-80.344848x25.597122, 1
images/xac/StreetViewx-80.347771x25.569306, 1
images/xac/StreetViewx-80.344831x25.602517, 1
images/xac/StreetViewx-80.342534x25.635888, 1
images/xac/StreetViewx-80.344352x25.653566, 2
images/xac/StreetViewx-80.344487x25.584951, 1
images/xac/StreetViewx-80.340790x25.577705, 1
images/xac/StreetViewx-80.347198x25.570086, 1
images/xac/StreetViewx-80.341828x25.582903, 1
images/xac/StreetViewx-80.341683x25.636583, 1
images/xac/StreetViewx-80.343098x25.580910, 1
images/xac/StreetViewx-80.345668x25.598060, 1
images/xac/StreetViewx-80.345521x25.576346, 1
images/xac/StreetViewx-80.341487x25.614452, 1
images/xac/StreetViewx-80.340945x25.690960, 1
images/xac/StreetViewx-80.348008x25.577762, 1
images/xac/StreetViewx-80.343388x25.556838, 1
images/xac/StreetViewx-80.346736x25.586175, 2
images/xac/StreetViewx-80.348929x25.565256, 1
images/xac/StreetViewx-80.344669x25.688920, 1
images/xac/StreetViewx-80.340560x25.579257, 1
images/xac/StreetViewx-80.339331x25.655195, 2
images/xac/StreetViewx-80.339178x25.593797, 1
images/xac/StreetViewx-80.343956x25.564083, 1
images/xac/StreetViewx-80.343838x25.578775, 1
images/xac/StreetViewx-80.346917x25.591993, 1
images/xac/StreetViewx-80.341681x25.575869, 1
images/xac/StreetViewx-80.343041x25.586716, 1
images/xac/StreetViewx-80.344622x25.592655, 1
images/xac/StreetViewx-80.345097x25.563965, 1
images/xac/StreetViewx-80.339162x25.582380, 1
images/xac/StreetViewx-80.344087x25.583878, 1
images/xac/StreetViewx-80.342534x25.585620, 2
images/xac/StreetViewx-80.340577x25.572295, 1
images/xac/StreetViewx-80.348546x25.672591, 1
images/xac/StreetViewx-80.343733x25.562268, 1
images/xac/StreetViewx-80.343653x25.583677, 1
images/xac/StreetViewx-80.341177x25.577838, 1
images/xac/StreetViewx-80.349230x25.575688, 1
images/xac/StreetViewx-80.344249x25.598610, 2
images/xac/StreetViewx-80.344242x25.579346, 2
images/xac/StreetViewx-80.342441x25.555434, 1
images/xac/StreetViewx-80.346885x25.576094, 1
images/xac/StreetViewx-80.344591x25.558415, 1
images/xac/StreetViewx-80.343910x25.593384, 1
images/xac/StreetViewx-80.347549x25.677093, 1
images/xac/StreetViewx-80.344895x25.568591, 1
images/xac/StreetViewx-80.342297x25.676540, 1
images/xac/StreetViewx-80.346179x25.578194, 1
images/xac/StreetViewx-80.346232x25.676444, 1
images/xac/StreetViewx-80.349753x25.563577, 1
images/xac/StreetViewx-80.349226x25.562257, 1
images/xac/StreetViewx-80.347369x25.594108, 1
images/xac/StreetViewx-80.341097x25.583310, 1
images/xac/StreetViewx-80.348341x25.585627, 1
images/xac/StreetViewx-80.339013x25.579538, 1
images/xac/StreetViewx-80.340244x25.555438, 1
images/xac/StreetViewx-80.349233x25.568637, 2
images/xac/StreetViewx-80.345395x25.559335, 1
images/xac/StreetViewx-80.347606x25.561027, 1
images/xac/StreetViewx-80.345401x25.662724, 1
images/xac/StreetViewx-80.342358x25.560916, 1
images/xac/StreetViewx-80.340593x25.579689, 1
images/xac/StreetViewx-80.340031x25.621170, 1
images/xac/StreetViewx-80.344662x25.588604, 1
images/xac/StreetViewx-80.344812x25.589885, 2
images/xac/StreetViewx-80.345621x25.578528, 1
images/xac/StreetViewx-80.345558x25.575110, 1
images/xac/StreetViewx-80.339201x25.663203, 1
images/xac/StreetViewx-80.341478x25.595998, 2
images/xac/StreetViewx-80.339271x25.689228, 1
images/xac/StreetViewx-80.339577x25.555309, 1
images/xac/StreetViewx-80.343223x25.583762, 2
images/xac/StreetViewx-80.350375x25.681390, 2
images/xac/StreetViewx-80.339601x25.675760, 1
images/xac/StreetViewx-80.345982x25.594223, 1
images/xac/StreetViewx-80.345581x25.577311, 1
images/xac/StreetViewx-80.342717x25.577029, 1
images/xac/StreetViewx-80.344443x25.614457, 2
images/xac/StreetViewx-80.340793x25.598079, 1
images/xac/StreetViewx-80.347483x25.565551, 1
images/xac/StreetViewx-80.350301x25.651357, 1
images/xac/StreetViewx-80.341006x25.624803, 1
images/xac/StreetViewx-80.349037x25.576533, 1
images/xac/StreetViewx-80.349187x25.582789, 1
images/xac/StreetViewx-80.345755x25.581358, 1
images/xac/StreetViewx-80.343674x25.569369, 2
images/xac/StreetViewx-80.342203x25.597536, 1
images/xac/StreetViewx-80.348655x25.581254, 1
images/xac/StreetViewx-80.345791x25.592182, 1
images/xac/StreetViewx-80.347819x25.571659, 1
images/xac/StreetViewx-80.346862x25.579234, 1
images/xac/StreetViewx-80.342902x25.584300, 1
images/xac/StreetViewx-80.343568x25.597218, 1
images/xac/StreetViewx-80.342043x25.563972, 1
images/xac/StreetViewx-80.347720x25.633573, 1
images/xac/StreetViewx-80.341375x25.587229, 1
images/xac/StreetViewx-80.350073x25.579665, 1
images/xac/StreetViewx-80.344304x25.637555, 1
images/xac/StreetViewx-80.348372x25.583443, 1
images/xac/StreetViewx-80.348637x25.574443, 1
images/xac/StreetViewx-80.346122x25.592833, 1
images/xac/StreetViewx-80.342885x25.682006, 2
images/xac/StreetViewx-80.341925x25.580929, 2
images/xac/StreetViewx-80.341977x25.585488, 1
images/xac/StreetViewx-80.349657x25.573714, 1
images/xac/StreetViewx-80.342217x25.633775, 1
images/xac/StreetViewx-80.343657x25.649639, 1
images/xac/StreetViewx-80.339694x25.592186, 1
images/xac/StreetViewx-80.339232x25.592200, 1
images/xac/StreetViewx-80.348835x25.579401, 1
images/xac/StreetViewx-80.341750x25.681102, 1
images/xac/StreetViewx-80.345075x25.559345, 1
images/xac/StreetViewx-80.346934x25.576947, 1
images/xac/StreetViewx-80.348011x25.578559, 1
images/xac/StreetViewx-80.341921x25.592377, 1
images/xac/StreetViewx-80.350796x25.586304, 1
images/xac/StreetViewx-80.342513x25.583883, 1
images/xac/StreetViewx-80.348609x25.562255, 1
images/xac/StreetViewx-80.346780x25.593042, 1
images/xac/StreetViewx-80.341278x25.563145, 1
images/xac/StreetViewx-80.343506x25.583176, 1
images/xac/StreetViewx-80.345499x25.688900, 1
images/xac/StreetViewx-80.347934x25.580831, 1
images/xac/StreetViewx-80.342172x25.647162, 1
images/xac/StreetViewx-80.347383x25.561660, 1
images/xac/StreetViewx-80.349948x25.657470, 1
images/xac/StreetViewx-80.346747x25.567738, 1
images/xac/StreetViewx-80.349408x25.575078, 1
images/xac/StreetViewx-80.349957x25.575302, 2
images/xac/StreetViewx-80.339425x25.555962, 1
images/xac/StreetViewx-80.346736x25.567420, 1
images/xac/StreetViewx-80.341462x25.671722, 1
images/xac/StreetViewx-80.340724x25.576379, 2
images/xac/StreetViewx-80.341810x25.594874, 2
images/xac/StreetViewx-80.338983x25.598725, 1
images/xac/StreetViewx-80.347987x25.652064, 1
images/xac/StreetViewx-80.341652x25.588158, 1
images/xac/StreetViewx-80.348251x25.579728, 1
images/xac/StreetViewx-80.350794x25.581472, 2
images/xac/StreetViewx-80.346874x25.594521, 1
images/xac/StreetViewx-80.345861x25.593457, 2
images/xac/StreetViewx-80.349136x25.593337, 1
images/xac/StreetViewx-80.342220x25.586622, 1
images/xac/StreetViewx-80.342420x25.582609, 1
images/xac/StreetViewx-80.342043x25.580742, 1
images/xac/StreetViewx-80.344643x25.584747, 1
images/xac/StreetViewx-80.344367x25.585211, 1
images/xac/StreetViewx-80.340356x25.583116, 1
images/xac/StreetViewx-80.345801x25.558287, 1
images/xac/StreetViewx-80.340211x25.556554, 1
images/xac/StreetViewx-80.339026x25.601466, 1
images/xac/StreetViewx-80.349105x25.600630, 1
images/xac/StreetViewx-80.342479x25.585763, 1
images/xac/StreetViewx-80.347192x25.571973, 1
images/xac/StreetViewx-80.339576x25.602417, 1
images/xac/StreetViewx-80.348920x25.564882, 1
images/xac/StreetViewx-80.340748x25.589910, 1
images/xac/StreetViewx-80.343077x25.598099, 1
images/xac/StreetViewx-80.349757x25.561065, 2
images/xac/StreetViewx-80.340573x25.572431, 1
images/xac/StreetViewx-80.341073x25.584020, 1
images/xac/StreetViewx-80.345906x25.595355, 1
images/xac/StreetViewx-80.339969x25.587066, 1
images/xac/StreetViewx-80.347876x25.587799, 1
images/xac/StreetViewx-80.346706x25.590064, 2
images/xac/StreetViewx-80.339264x25.577949, 1
images/xac/StreetViewx-80.340339x25.588013, 1
images/xac/StreetViewx-80.346060x25.683735, 1
images/xac/StreetViewx-80.344308x25.652561, 1
images/xac/StreetViewx-80.342041x25.661809, 1
images/xac/StreetViewx-80.341472x25.555456, 1
images/xac/StreetViewx-80.339145x25.588941, 1
images/xac/StreetViewx-80.346338x25.592844, 1
images/xac/StreetViewx-80.339584x25.656243, 1
images/xac/StreetViewx-80.349201x25.563856, 1
images/xac/StreetViewx-80.339758x25.555747, 1
images/xac/StreetViewx-80.349302x25.584075, 2
images/xac/StreetViewx-80.340624x25.555463, 1
images/xac/StreetViewx-80.339313x25.555259, 1
images/xac/StreetViewx-80.350000x25.596270, 1
images/xac/StreetViewx-80.343254x25.664354, 2
images/xac/StreetViewx-80.344367x25.590588, 1
images/xac/StreetViewx-80.339643x25.638324, 1
images/xac/StreetViewx-80.346857x25.575357, 1
images/xac/StreetViewx-80.341539x25.556342, 1
images/xac/StreetViewx-80.350298x25.594711, 1
images/xac/StreetViewx-80.341075x25.556792, 1
images/xac/StreetViewx-80.343370x25.578949, 1
images/xac/StreetViewx-80.348119x25.582230, 1
images/xac/StreetViewx-80.342494x25.617571, 1
images/xac/StreetViewx-80.350457x25.681761, 2
images/xac/StreetViewx-80.344682x25.633849, 1
images/xac/StreetViewx-80.343192x25.661169, 1
images/xac/StreetViewx-80.340030x25.576876, 1
images/xac/StreetViewx-80.344822x25.583134, 1
images/xac/StreetViewx-80.340529x25.573079, 1
images/xac/StreetViewx-80.345822x25.645025, 1
images/xac/StreetViewx-80.343742x25.576306, 1
images/xac/StreetViewx-80.343355x25.558823, 1
images/xac/StreetViewx-80.342744x25.598654, 2
images/xac/StreetViewx-80.349107x25.569862, 1
images/xac/StreetViewx-80.344638x25.632285, 1
images/xac/StreetViewx-80.340696x25.670214, 1
images/xac/StreetViewx-80.339804x25.565041, 2
images/xac/StreetViewx-80.341246x25.569917, 2
images/xac/StreetViewx-80.350791x25.583292, 1
images/xac/StreetViewx-80.348436x25.571640, 1
images/xac/StreetViewx-80.347408x25.599847, 1
images/xac/StreetViewx-80.348377x25.584654, 2
images/xac/StreetViewx-80.341255x25.595702, 1
images/xac/StreetViewx-80.350562x25.576326, 1
images/xac/StreetViewx-80.342045x25.566591, 3
images/xac/StreetViewx-80.344118x25.567613, 2
images/xac/StreetViewx-80.350478x25.579938, 1
images/xac/StreetViewx-80.344494x25.560951, 1
images/xac/StreetViewx-80.340381x25.568569, 1
images/xac/StreetViewx-80.341658x25.598265, 1
images/xac/StreetViewx-80.340813x25.688175, 2
images/xac/StreetViewx-80.345022x25.637503, 1
images/xac/StreetViewx-80.346749x25.577944, 1
images/xac/StreetViewx-80.345697x25.574082, 1
images/xac/StreetViewx-80.350103x25.582753, 1
images/xac/StreetViewx-80.347056x25.592313, 1
images/xac/StreetViewx-80.345867x25.589688, 1
images/xac/StreetViewx-80.350186x25.573427, 1
images/xac/StreetViewx-80.339758x25.578397, 1
images/xac/StreetViewx-80.339016x25.571908, 2
images/xac/StreetViewx-80.343661x25.634147, 1
images/xac/StreetViewx-80.341649x25.584673, 1
images/xac/StreetViewx-80.348417x25.692042, 3
images/xac/StreetViewx-80.341245x25.556127, 1
images/xac/StreetViewx-80.339456x25.569607, 2
images/xac/StreetViewx-80.343861x25.576480, 1
images/xac/StreetViewx-80.340211x25.576718, 2
images/xac/StreetViewx-80.348582x25.596616, 1
images/xac/StreetViewx-80.347379x25.571059, 1
images/xac/StreetViewx-80.340679x25.573762, 1
images/xac/StreetViewx-80.343293x25.587774, 1
images/xac/StreetViewx-80.347442x25.578899, 1
images/xac/StreetViewx-80.346244x25.568246, 1
images/xac/StreetViewx-80.346137x25.569250, 2
images/xac/StreetViewx-80.348151x25.576767, 1
images/xac/StreetViewx-80.345378x25.555634, 1
images/xac/StreetViewx-80.339832x25.567683, 2
images/xac/StreetViewx-80.349340x25.634002, 1
images/xac/StreetViewx-80.348977x25.561683, 1
images/xac/StreetViewx-80.349626x25.641751, 1
images/xac/StreetViewx-80.349106x25.580188, 1
images/xac/StreetViewx-80.339789x25.579424, 1
images/xac/StreetViewx-80.340702x25.639365, 1
images/xac/StreetViewx-80.344098x25.586308, 1
images/xac/StreetViewx-80.339527x25.564473, 1
images/xac/StreetViewx-80.344091x25.671034, 2
images/xac/StreetViewx-80.342916x25.576051, 1
images/xac/StreetViewx-80.339795x25.582586, 1
images/xac/StreetViewx-80.347720x25.644985, 1
images/xac/StreetViewx-80.342476x25.597514, 2
images/xac/StreetViewx-80.339912x25.565710, 1
images/xac/StreetViewx-80.345391x25.577384, 1
images/xac/StreetViewx-80.350513x25.575860, 1
images/xac/StreetViewx-80.344948x25.672639, 1
images/xac/StreetViewx-80.349396x25.593749, 2
images/xac/StreetViewx-80.340577x25.556651, 1
images/xac/StreetViewx-80.344473x25.559233, 1
images/xac/StreetViewx-80.345462x25.587653, 1
images/xac/StreetViewx-80.349936x25.581098, 1
images/xac/StreetViewx-80.343680x25.584631, 3
images/xac/StreetViewx-80.342002x25.591616, 1
images/xac/StreetViewx-80.348648x25.579133, 2
images/xac/StreetViewx-80.346656x25.585348, 1
images/xac/StreetViewx-80.343896x25.592683, 1
images/xac/StreetViewx-80.341826x25.591896, 1
images/xac/StreetViewx-80.343319x25.611992, 1
images/xac/StreetViewx-80.347461x25.583570, 3
images/xac/StreetViewx-80.350813x25.647458, 1
images/xac/StreetViewx-80.343966x25.683522, 1
images/xac/StreetViewx-80.341504x25.556451, 1
images/xac/StreetViewx-80.340085x25.652028, 1
images/xac/StreetViewx-80.339892x25.555759, 1
images/xac/StreetViewx-80.342881x25.582598, 1
images/xac/StreetViewx-80.347506x25.590694, 1
images/xac/StreetViewx-80.347154x25.565127, 1
images/xac/StreetViewx-80.339346x25.620806, 1
images/xac/StreetViewx-80.340022x25.596164, 1
images/xac/StreetViewx-80.341520x25.648956, 1
images/xac/StreetViewx-80.340689x25.556279, 1
images/xac/StreetViewx-80.344959x25.584871, 1
images/xac/StreetViewx-80.349242x25.562552, 2
images/xac/StreetViewx-80.347520x25.591105, 2
images/xad/StreetViewx-80.367490x25.650773, 1
images/xad/StreetViewx-80.358660x25.684315, 1
images/xad/StreetViewx-80.356105x25.671705, 1
images/xad/StreetViewx-80.363057x25.699639, 1
images/xad/StreetViewx-80.353137x25.671884, 1
images/xad/StreetViewx-80.358900x25.570394, 1
images/xad/StreetViewx-80.351994x25.560361, 1
images/xad/StreetViewx-80.366221x25.681497, 1
images/xad/StreetViewx-80.359069x25.571513, 1
images/xad/StreetViewx-80.355197x25.592477, 1
images/xad/StreetViewx-80.367320x25.645357, 1
images/xad/StreetViewx-80.354981x25.592889, 1
images/xad/StreetViewx-80.352068x25.693902, 1
images/xad/StreetViewx-80.351995x25.573371, 1
images/xad/StreetViewx-80.351853x25.635769, 1
images/xad/StreetViewx-80.354430x25.576128, 1
images/xad/StreetViewx-80.352845x25.583562, 1
images/xad/StreetViewx-80.352262x25.569744, 1
images/xad/StreetViewx-80.356785x25.569178, 3
images/xad/StreetViewx-80.353766x25.652719, 1
images/xad/StreetViewx-80.358312x25.687601, 1
images/xad/StreetViewx-80.351768x25.575644, 1
images/xad/StreetViewx-80.352948x25.571981, 2
images/xad/StreetViewx-80.359457x25.580640, 1
images/xad/StreetViewx-80.352533x25.580992, 1
images/xad/StreetViewx-80.357985x25.667615, 1
images/xad/StreetViewx-80.351676x25.582276, 1
images/xad/StreetViewx-80.356749x25.583712, 1
images/xad/StreetViewx-80.356970x25.573872, 1
images/xad/StreetViewx-80.352904x25.637770, 1
images/xad/StreetViewx-80.351255x25.582313, 2
images/xad/StreetViewx-80.361403x25.674826, 1
images/xad/StreetViewx-80.357195x25.577856, 3
images/xad/StreetViewx-80.367182x25.677485, 1
images/xad/StreetViewx-80.351928x25.583250, 1
images/xad/StreetViewx-80.351745x25.560638, 1
images/xad/StreetViewx-80.351717x25.650008, 1
images/xad/StreetViewx-80.354849x25.570430, 1
images/xad/StreetViewx-80.355089x25.561989, 2
images/xad/StreetViewx-80.353860x25.652351, 1
images/xad/StreetViewx-80.353052x25.661584, 1
images/xad/StreetViewx-80.361162x25.571432, 1
images/xad/StreetViewx-80.354896x25.560542, 2
images/xad/StreetViewx-80.351185x25.577262, 1
images/xad/StreetViewx-80.354006x25.561698, 3
images/xad/StreetViewx-80.352240x25.561179, 1
images/xad/StreetViewx-80.363502x25.643911, 1
images/xad/StreetViewx-80.357916x25.572059, 1
images/xad/StreetViewx-80.361825x25.570839, 1
images/xad/StreetViewx-80.360180x25.667311, 1
images/xad/StreetViewx-80.363244x25.636969, 2
images/xad/StreetViewx-80.367255x25.678498, 1
images/xad/StreetViewx-80.362614x25.574551, 1
images/xad/StreetViewx-80.357947x25.572874, 1
images/xad/StreetViewx-80.358320x25.570662, 2
images/xad/StreetViewx-80.354221x25.569869, 1
images/xad/StreetViewx-80.358796x25.581357, 1
images/xad/StreetViewx-80.353393x25.574433, 1
images/xad/StreetViewx-80.353672x25.643917, 1
images/xad/StreetViewx-80.366088x25.640732, 1
images/xad/StreetViewx-80.354099x25.583682, 2
images/xad/StreetViewx-80.358785x25.576090, 1
images/xad/StreetViewx-80.356202x25.576735, 1
images/xad/StreetViewx-80.353370x25.560344, 2
images/xad/StreetViewx-80.365254x25.647835, 1
images/xad/StreetViewx-80.356097x25.571621, 1
images/xad/StreetViewx-80.359176x25.578240, 2
images/xad/StreetViewx-80.350872x25.565044, 2
images/xad/StreetViewx-80.354525x25.576450, 1
images/xad/StreetViewx-80.353992x25.559795, 2
images/xad/StreetViewx-80.361824x25.570719, 1
images/xad/StreetViewx-80.361951x25.578720, 1
images/xad/StreetViewx-80.360705x25.652961, 1
images/xad/StreetViewx-80.351249x25.561052, 2
images/xad/StreetViewx-80.352757x25.563718, 1
images/xad/StreetViewx-80.352477x25.564682, 1
images/xad/StreetViewx-80.353862x25.658750, 1
images/xad/StreetViewx-80.352412x25.582137, 1
images/xad/StreetViewx-80.351909x25.689135, 1
images/xad/StreetViewx-80.359180x25.576087, 1
images/xad/StreetViewx-80.350967x25.583575, 1
images/xad/StreetViewx-80.368366x25.654394, 1
images/xad/StreetViewx-80.357825x25.570776, 1
images/xad/StreetViewx-80.355968x25.692763, 2
images/xad/StreetViewx-80.360814x25.584945, 1
images/xad/StreetViewx-80.352096x25.583511, 1
images/xad/StreetViewx-80.354997x25.569852, 1
images/xad/StreetViewx-80.353132x25.560878, 2
images/xad/StreetViewx-80.361554x25.582150, 1
images/xad/StreetViewx-80.357786x25.669368, 1
images/xad/StreetViewx-80.361010x25.581567, 1
images/xad/StreetViewx-80.352086x25.565905, 4
images/xad/StreetViewx-80.359721x25.675483, 1
images/xad/StreetViewx-80.351557x25.575300, 1
images/xad/StreetViewx-80.352182x25.565507, 3
images/xad/StreetViewx-80.355597x25.588147, 1
images/xad/StreetViewx-80.356100x25.569145, 1
images/xad/StreetViewx-80.354483x25.575366, 1
images/xad/StreetViewx-80.363532x25.580902, 1
images/xad/StreetViewx-80.362550x25.580011, 1
images/xad/StreetViewx-80.356972x25.567592, 1
images/xad/StreetViewx-80.355682x25.572795, 1
images/xad/StreetViewx-80.360456x25.584148, 1
images/xad/StreetViewx-80.358105x25.572601, 1
images/xad/StreetViewx-80.358478x25.690420, 1
images/xad/StreetViewx-80.358869x25.571046, 1
images/xad/StreetViewx-80.368699x25.666527, 1
images/xad/StreetViewx-80.358477x25.583150, 1
images/xad/StreetViewx-80.351978x25.592253, 1
images/xad/StreetViewx-80.352340x25.573653, 1
images/xad/StreetViewx-80.363549x25.580567, 1
images/xad/StreetViewx-80.368197x25.659935, 1
images/xad/StreetViewx-80.350890x25.579230, 1
images/xad/StreetViewx-80.355933x25.581411, 1
images/xad/StreetViewx-80.351253x25.560320, 2
images/xad/StreetViewx-80.354130x25.591997, 1
images/xad/StreetViewx-80.358151x25.651442, 1
images/xad/StreetViewx-80.353994x25.581472, 1
images/xad/StreetViewx-80.359859x25.651569, 1
images/xad/StreetViewx-80.353415x25.688058, 1
images/xad/StreetViewx-80.366313x25.660261, 1
images/xad/StreetViewx-80.358019x25.689814, 1
images/xad/StreetViewx-80.359451x25.580226, 1
images/xad/StreetViewx-80.353232x25.579902, 1
images/xad/StreetViewx-80.354728x25.582280, 1
images/xad/StreetViewx-80.352392x25.575756, 2
images/xad/StreetViewx-80.351569x25.581088, 1
images/xad/StreetViewx-80.363656x25.663352, 1
images/xad/StreetViewx-80.351432x25.666574, 2
images/xad/StreetViewx-80.355111x25.559852, 2
images/xad/StreetViewx-80.364018x25.694394, 1
images/xad/StreetViewx-80.352349x25.688508, 1
images/xad/StreetViewx-80.351539x25.565084, 2
images/xad/StreetViewx-80.363077x25.669126, 1
images/xad/StreetViewx-80.353915x25.584677, 2
images/xad/StreetViewx-80.354150x25.585358, 1
images/xad/StreetViewx-80.363542x25.644542, 1
images/xad/StreetViewx-80.359710x25.656525, 1
images/xad/StreetViewx-80.354274x25.568612, 1
images/xad/StreetViewx-80.363789x25.582425, 1
images/xad/StreetViewx-80.366107x25.679577, 1
images/xad/StreetViewx-80.356578x25.576591, 1
images/xad/StreetViewx-80.358199x25.571464, 1
images/xad/StreetViewx-80.352904x25.582431, 1
images/xad/StreetViewx-80.363961x25.682950, 1
images/xad/StreetViewx-80.352151x25.582077, 1
images/xad/StreetViewx-80.353222x25.590307, 1
images/xad/StreetViewx-80.352085x25.563540, 1
images/xad/StreetViewx-80.353334x25.561637, 2
images/xad/StreetViewx-80.354331x25.651917, 2
images/xad/StreetViewx-80.357294x25.575005, 1
images/xad/StreetViewx-80.358577x25.635398, 2
images/xad/StreetViewx-80.355398x25.585114, 1
images/xad/StreetViewx-80.363163x25.679551, 1
images/xad/StreetViewx-80.356814x25.571992, 1
images/xad/StreetViewx-80.351382x25.587432, 1
images/xad/StreetViewx-80.352402x25.678696, 2
images/xad/StreetViewx-80.354110x25.577966, 1
images/xad/StreetViewx-80.354994x25.559810, 2
images/xad/StreetViewx-80.360260x25.651075, 1
images/xad/StreetViewx-80.353057x25.587255, 1
images/xad/StreetViewx-80.358509x25.576094, 1
images/xad/StreetViewx-80.359827x25.579091, 1
images/xad/StreetViewx-80.363163x25.695466, 2
images/xad/StreetViewx-80.366009x25.672655, 1
images/xad/StreetViewx-80.360288x25.694470, 2
images/xad/StreetViewx-80.355458x25.567891, 1
images/xad/StreetViewx-80.355385x25.560327, 1
images/xad/StreetViewx-80.363070x25.660000, 1
images/xad/StreetViewx-80.356385x25.574404, 1
images/xad/StreetViewx-80.356778x25.576790, 1
images/xad/StreetViewx-80.360218x25.665526, 1
images/xad/StreetViewx-80.360349x25.685636, 1
images/xad/StreetViewx-80.353867x25.559781, 2
images/xad/StreetViewx-80.352134x25.595208, 1
images/xad/StreetViewx-80.360117x25.579924, 1
images/xad/StreetViewx-80.355874x25.569286, 1
images/xad/StreetViewx-80.362480x25.584433, 1
images/xad/StreetViewx-80.356518x25.663310, 2
images/xad/StreetViewx-80.356650x25.568032, 1
images/xad/StreetViewx-80.353755x25.564245, 2
images/xad/StreetViewx-80.368523x25.657694, 1
images/xad/StreetViewx-80.359255x25.654436, 1
images/xad/StreetViewx-80.362877x25.576676, 2
images/xad/StreetViewx-80.352182x25.580991, 1
images/xad/StreetViewx-80.357680x25.647656, 1
images/xad/StreetViewx-80.358588x25.577275, 1
images/xad/StreetViewx-80.357030x25.572787, 1
images/xad/StreetViewx-80.362952x25.657120, 1
images/xad/StreetViewx-80.358260x25.578046, 1
images/xad/StreetViewx-80.351293x25.584291, 1
images/xad/StreetViewx-80.355018x25.583507, 1
images/xad/StreetViewx-80.357410x25.568624, 1
images/xad/StreetViewx-80.353090x25.592143, 1
images/xad/StreetViewx-80.354275x25.568977, 2
images/xad/StreetViewx-80.356617x25.567597, 1
images/xad/StreetViewx-80.360466x25.571185, 1
images/xad/StreetViewx-80.362817x25.664094, 1
images/xad/StreetViewx-80.360281x25.683599, 1
images/xad/StreetViewx-80.356714x25.656945, 1
images/xad/StreetViewx-80.350985x25.576953, 1
images/xad/StreetViewx-80.360815x25.581565, 1
images/xad/StreetViewx-80.358479x25.587813, 1
images/xad/StreetViewx-80.353190x25.572543, 1
images/xad/StreetViewx-80.368636x25.641563, 1
images/xad/StreetViewx-80.358619x25.573225, 1
images/xad/StreetViewx-80.365079x25.666306, 1
images/xad/StreetViewx-80.363009x25.582703, 1
images/xad/StreetViewx-80.351469x25.580850, 1
images/xad/StreetViewx-80.354144x25.585755, 1
images/xad/StreetViewx-80.354516x25.568978, 2
images/xad/StreetViewx-80.359580x25.578689, 2
images/xad/StreetViewx-80.354357x25.594239, 2
images/xad/StreetViewx-80.356552x25.589948, 1
images/xad/StreetViewx-80.355421x25.593359, 2
images/xad/StreetViewx-80.356787x25.691480, 1
images/xad/StreetViewx-80.353625x25.591211, 2
images/xad/StreetViewx-80.366157x25.655376, 1
images/xad/StreetViewx-80.351708x25.581462, 1
images/xad/StreetViewx-80.357958x25.576104, 1
images/xad/StreetViewx-80.357271x25.578374, 1
images/xad/StreetViewx-80.352296x25.687737, 1
images/xad/StreetViewx-80.362393x25.577254, 1
images/xad/StreetViewx-80.356087x25.576612, 1
images/xad/StreetViewx-80.352771x25.579741, 1
images/xad/StreetViewx-80.352247x25.564116, 2
images/xad/StreetViewx-80.368685x25.698275, 1
images/xad/StreetViewx-80.368217x25.673724, 1
images/xad/StreetViewx-80.358672x25.577735, 2
images/xad/StreetViewx-80.352954x25.653786, 4
images/xad/StreetViewx-80.355022x25.577931, 1
images/xad/StreetViewx-80.360052x25.570781, 1
images/xad/StreetViewx-80.354399x25.560075, 1
images/xad/StreetViewx-80.361104x25.664966, 1
images/xad/StreetViewx-80.351616x25.582490, 1
images/xad/StreetViewx-80.353330x25.562305, 3
images/xad/StreetViewx-80.351378x25.576788, 1
images/xad/StreetViewx-80.356077x25.649869, 2
images/xad/StreetViewx-80.353057x25.656279, 1
images/xad/StreetViewx-80.367758x25.660642, 1
images/xad/StreetViewx-80.352234x25.585535, 1
images/xad/StreetViewx-80.360592x25.695607, 1
images/xad/StreetViewx-80.353223x25.564784, 1
images/xad/StreetViewx-80.353007x25.573624, 1
images/xad/StreetViewx-80.352895x25.565136, 3
images/xad/StreetViewx-80.362643x25.579905, 1
images/xad/StreetViewx-80.356743x25.582400, 1
images/xad/StreetViewx-80.351087x25.569628, 1
images/xad/StreetViewx-80.352826x25.573004, 1
images/xad/StreetViewx-80.353458x25.584472, 1
images/xad/StreetViewx-80.358271x25.655498, 1
images/xad/StreetViewx-80.351933x25.586266, 1
images/xad/StreetViewx-80.363555x25.661595, 1
images/xad/StreetViewx-80.352574x25.561022, 1
images/xad/StreetViewx-80.351595x25.577904, 1
images/xad/StreetViewx-80.352989x25.631996, 3
images/xad/StreetViewx-80.355407x25.589077, 1
images/xad/StreetViewx-80.353335x25.567918, 1
images/xad/StreetViewx-80.356016x25.587033, 1
images/xad/StreetViewx-80.359989x25.582157, 1
images/xad/StreetViewx-80.352094x25.672603, 1
images/xad/StreetViewx-80.351135x25.575495, 2
images/xad/StreetViewx-80.357972x25.636444, 2
images/xad/StreetViewx-80.361680x25.584530, 2
images/xad/StreetViewx-80.355046x25.571533, 1
images/xad/StreetViewx-80.353259x25.584111, 1
images/xad/StreetViewx-80.351805x25.593755, 1
images/xad/StreetViewx-80.353051x25.594226, 1
images/xad/StreetViewx-80.354144x25.654172, 1
images/xad/StreetViewx-80.368269x25.641626, 2
images/xad/StreetViewx-80.356208x25.692770, 1
images/xad/StreetViewx-80.353927x25.571919, 1
images/xad/StreetViewx-80.360866x25.571178, 1
images/xad/StreetViewx-80.365027x25.664497, 1
images/xad/StreetViewx-80.362414x25.577596, 1
images/xad/StreetViewx-80.358155x25.658323, 1
images/xad/StreetViewx-80.359463x25.581691, 1
images/xad/StreetViewx-80.356178x25.560267, 1
images/xad/StreetViewx-80.356354x25.661287, 1
images/xad/StreetViewx-80.351800x25.572640, 1
images/xad/StreetViewx-80.362252x25.583467, 1
images/xad/StreetViewx-80.356872x25.692713, 1
images/xad/StreetViewx-80.362360x25.664014, 1
images/xad/StreetViewx-80.361007x25.661726, 1
images/xad/StreetViewx-80.356287x25.570851, 1
images/xad/StreetViewx-80.352073x25.588350, 1
images/xad/StreetViewx-80.359896x25.585894, 1
images/xad/StreetViewx-80.360034x25.663531, 2
images/xad/StreetViewx-80.358783x25.583538, 1
images/xad/StreetViewx-80.351768x25.645284, 1
images/xad/StreetViewx-80.353602x25.586007, 1
images/xad/StreetViewx-80.361969x25.576830, 2
images/xad/StreetViewx-80.360555x25.575577, 1
images/xad/StreetViewx-80.360181x25.578190, 1
images/xad/StreetViewx-80.351388x25.564479, 1
images/xad/StreetViewx-80.361649x25.673091, 1
images/xad/StreetViewx-80.355567x25.574711, 1
images/xad/StreetViewx-80.351108x25.578750, 1
images/xad/StreetViewx-80.352311x25.574520, 1
images/xad/StreetViewx-80.353485x25.578284, 1
images/xad/StreetViewx-80.361372x25.643322, 1
images/xad/StreetViewx-80.366153x25.679099, 1
images/xad/StreetViewx-80.351923x25.593559, 2
images/xad/StreetViewx-80.358549x25.685437, 1
images/xad/StreetViewx-80.358135x25.581815, 1
images/xad/StreetViewx-80.351170x25.566240, 1
images/xad/StreetViewx-80.368797x25.655354, 1
images/xad/StreetViewx-80.362997x25.662954, 1
images/xad/StreetViewx-80.351057x25.590296, 1
images/xad/StreetViewx-80.351076x25.690911, 1
images/xad/StreetViewx-80.364270x25.664830, 2
images/xad/StreetViewx-80.353614x25.570613, 1
images/xad/StreetViewx-80.352984x25.594418, 1
images/xad/StreetViewx-80.354613x25.591776, 1
images/xad/StreetViewx-80.360427x25.662493, 2
images/xad/StreetViewx-80.351354x25.581674, 1
images/xad/StreetViewx-80.359560x25.586704, 1
images/xad/StreetViewx-80.358248x25.585491, 2
images/xad/StreetViewx-80.357951x25.574337, 2
images/xad/StreetViewx-80.364289x25.661184, 2
images/xad/StreetViewx-80.356938x25.568447, 1
images/xad/StreetViewx-80.361786x25.580082, 1
images/xad/StreetViewx-80.351635x25.637610, 1
images/xad/StreetViewx-80.367072x25.680480, 1
images/xad/StreetViewx-80.353613x25.584402, 1
images/xad/StreetViewx-80.357551x25.576891, 1
images/xad/StreetViewx-80.355665x25.575074, 1
images/xad/StreetViewx-80.360956x25.581387, 1
images/xad/StreetViewx-80.356907x25.583568, 1
images/xad/StreetViewx-80.350858x25.564556, 2
images/xad/StreetViewx-80.351753x25.564397, 2
images/xad/StreetViewx-80.356098x25.569788, 1
images/xad/StreetViewx-80.358507x25.690639, 1
images/xad/StreetViewx-80.362631x25.577306, 1
images/xad/StreetViewx-80.354307x25.693082, 2
images/xad/StreetViewx-80.353737x25.585496, 1
images/xad/StreetViewx-80.355184x25.561120, 2
images/xad/StreetViewx-80.363656x25.680790, 1
images/xad/StreetViewx-80.351949x25.589764, 1
images/xad/StreetViewx-80.355909x25.584825, 2
images/xad/StreetViewx-80.360419x25.582133, 1
images/xad/StreetViewx-80.356159x25.576942, 1
images/xad/StreetViewx-80.354058x25.569269, 1
images/xad/StreetViewx-80.360592x25.575295, 1
images/xad/StreetViewx-80.357904x25.570652, 2
images/xad/StreetViewx-80.359840x25.584089, 2
images/xad/StreetViewx-80.353094x25.578523, 1
images/xad/StreetViewx-80.358265x25.573437, 1
images/xad/StreetViewx-80.356800x25.693007, 1
images/xad/StreetViewx-80.358668x25.664884, 1
images/xad/StreetViewx-80.354002x25.639907, 1
images/xad/StreetViewx-80.359986x25.581372, 1
images/xad/StreetViewx-80.351468x25.561801, 2
images/xad/StreetViewx-80.354825x25.573265, 1
images/xad/StreetViewx-80.355490x25.692522, 1
images/xad/StreetViewx-80.357935x25.573920, 1
images/xad/StreetViewx-80.357176x25.581726, 1
images/xad/StreetViewx-80.358214x25.652717, 1
images/xad/StreetViewx-80.363501x25.679866, 1
images/xad/StreetViewx-80.355200x25.591324, 1
images/xad/StreetViewx-80.359884x25.579921, 1
images/xad/StreetViewx-80.365818x25.680083, 1
images/xad/StreetViewx-80.355238x25.559890, 1
images/xad/StreetViewx-80.353475x25.660705, 1
images/xad/StreetViewx-80.360367x25.580616, 1
images/xad/StreetViewx-80.354931x25.567180, 1
images/xad/StreetViewx-80.353307x25.580328, 1
images/xad/StreetViewx-80.361497x25.646078, 1
images/xad/StreetViewx-80.353435x25.657919, 1
images/xad/StreetViewx-80.357620x25.579264, 1
images/xad/StreetViewx-80.351851x25.577617, 2
images/xad/StreetViewx-80.361014x25.570777, 1
images/xad/StreetViewx-80.360805x25.655040, 1
images/xad/StreetViewx-80.355634x25.560199, 2
images/xad/StreetViewx-80.353475x25.577471, 1
images/xad/StreetViewx-80.351950x25.563756, 3
images/xad/StreetViewx-80.360138x25.658495, 1
images/xad/StreetViewx-80.362098x25.574543, 1
images/xad/StreetViewx-80.353188x25.582056, 1
images/xad/StreetViewx-80.356662x25.585375, 1
images/xad/StreetViewx-80.354211x25.591806, 1
images/xad/StreetViewx-80.354025x25.559425, 1
images/xad/StreetViewx-80.356808x25.585299, 1
images/xad/StreetViewx-80.361961x25.574559, 1
images/xad/StreetViewx-80.359605x25.571419, 1
images/xad/StreetViewx-80.354024x25.588036, 1
images/xad/StreetViewx-80.357349x25.571450, 1
images/xad/StreetViewx-80.354225x25.576332, 1
images/xad/StreetViewx-80.352324x25.570397, 1
images/xad/StreetViewx-80.353131x25.593262, 1
images/xad/StreetViewx-80.351748x25.642702, 1
images/xad/StreetViewx-80.363250x25.582937, 1
images/xad/StreetViewx-80.355738x25.690421, 2
images/xad/StreetViewx-80.365204x25.681625, 2
images/xad/StreetViewx-80.359579x25.647445, 1
images/xad/StreetViewx-80.367480x25.640074, 1
images/xad/StreetViewx-80.356031x25.560924, 1
images/xad/StreetViewx-80.351129x25.564130, 1
images/xad/StreetViewx-80.366055x25.665335, 1
images/xad/StreetViewx-80.356460x25.649840, 1
images/xad/StreetViewx-80.357043x25.583425, 2
images/xad/StreetViewx-80.352833x25.573833, 3
images/xad/StreetViewx-80.357325x25.648464, 1
images/xad/StreetViewx-80.365354x25.574594, 1
images/xad/StreetViewx-80.356197x25.674562, 1
images/xad/StreetViewx-80.351241x25.657370, 1
images/xad/StreetViewx-80.365766x25.676359, 1
images/xad/StreetViewx-80.354657x25.568426, 1
images/xad/StreetViewx-80.354525x25.584984, 1
images/xad/StreetViewx-80.363327x25.577785, 1
images/xad/StreetViewx-80.354544x25.689721, 2
images/xad/StreetViewx-80.352613x25.576948, 1
images/xad/StreetViewx-80.356630x25.581601, 1
images/xad/StreetViewx-80.357934x25.574769, 1
images/xad/StreetViewx-80.358694x25.574049, 1
images/xad/StreetViewx-80.354603x25.571028, 2
images/xad/StreetViewx-80.351880x25.578557, 1
images/xad/StreetViewx-80.354965x25.576848, 1
images/xad/StreetViewx-80.352289x25.584744, 1
images/xad/StreetViewx-80.354327x25.571484, 1
images/xad/StreetViewx-80.354305x25.665840, 1
images/xad/StreetViewx-80.360550x25.575834, 1
images/xad/StreetViewx-80.351531x25.572654, 1
images/xad/StreetViewx-80.363804x25.669821, 2
images/xad/StreetViewx-80.357672x25.647236, 1
images/xad/StreetViewx-80.363227x25.665407, 1
images/xad/StreetViewx-80.363295x25.676658, 1
images/xad/StreetViewx-80.354140x25.563821, 1
images/xad/StreetViewx-80.360954x25.643975, 1
images/xad/StreetViewx-80.357874x25.584462, 1
images/xad/StreetViewx-80.357796x25.658942, 1
images/xad/StreetViewx-80.355508x25.559593, 2
images/xad/StreetViewx-80.368029x25.644861, 1
images/xad/StreetViewx-80.352670x25.586995, 1
images/xad/StreetViewx-80.361002x25.578097, 1
images/xad/StreetViewx-80.361306x25.662918, 1
images/xad/StreetViewx-80.351124x25.563803, 3
images/xad/StreetViewx-80.352594x25.588669, 1
images/xad/StreetViewx-80.361419x25.570762, 1
images/xad/StreetViewx-80.353367x25.651223, 1
images/xad/StreetViewx-80.357984x25.586677, 1
images/xad/StreetViewx-80.352405x25.559407, 1
images/xad/StreetViewx-80.365662x25.645944, 1
images/xad/StreetViewx-80.356396x25.586333, 1
images/xad/StreetViewx-80.362860x25.582834, 1
images/xad/StreetViewx-80.356273x25.674834, 1
images/xad/StreetViewx-80.358141x25.640619, 1
images/xad/StreetViewx-80.356339x25.643584, 1
images/xad/StreetViewx-80.362256x25.574602, 1
images/xad/StreetViewx-80.362498x25.681368, 1
images/xad/StreetViewx-80.362180x25.584020, 1
images/xad/StreetViewx-80.367301x25.674979, 1
images/xad/StreetViewx-80.355982x25.635713, 2
images/xad/StreetViewx-80.359001x25.687591, 1
images/xad/StreetViewx-80.353294x25.691505, 1
images/xad/StreetViewx-80.351026x25.585500, 1
images/xad/StreetViewx-80.358621x25.658294, 1
images/xad/StreetViewx-80.351424x25.589199, 1
images/xad/StreetViewx-80.355177x25.677521, 1
images/xad/StreetViewx-80.356190x25.642698, 1
images/xad/StreetViewx-80.353099x25.594971, 1
images/xad/StreetViewx-80.350965x25.576526, 1
images/xad/StreetViewx-80.355865x25.567809, 1
images/xad/StreetViewx-80.360280x25.657427, 1
images/xad/StreetViewx-80.352298x25.655077, 1
images/xad/StreetViewx-80.352560x25.642702, 1
images/xad/StreetViewx-80.356818x25.661630, 1
images/xad/StreetViewx-80.351374x25.650001, 2
images/xad/StreetViewx-80.357354x25.577741, 2
images/xad/StreetViewx-80.351692x25.579276, 1
images/xad/StreetViewx-80.368805x25.686177, 1
images/xad/StreetViewx-80.361300x25.571429, 1
images/xad/StreetViewx-80.366054x25.639582, 1
images/xad/StreetViewx-80.359703x25.667620, 1
images/xad/StreetViewx-80.364337x25.678731, 1
images/xad/StreetViewx-80.352535x25.592377, 1
images/xad/StreetViewx-80.357065x25.588217, 1
images/xad/StreetViewx-80.355230x25.643554, 1
images/xad/StreetViewx-80.352078x25.578202, 2
images/xad/StreetViewx-80.358830x25.571488, 1
images/xad/StreetViewx-80.362579x25.574864, 1
images/xad/StreetViewx-80.362752x25.678911, 1
images/xad/StreetViewx-80.357564x25.585399, 1
images/xad/StreetViewx-80.350946x25.590992, 1
images/xad/StreetViewx-80.362079x25.578174, 1
images/xad/StreetViewx-80.354273x25.576520, 1
images/xad/StreetViewx-80.357363x25.579376, 1
images/xad/StreetViewx-80.365474x25.682463, 1
images/xad/StreetViewx-80.360243x25.691173, 2
images/xad/StreetViewx-80.355445x25.583452, 2
images/xad/StreetViewx-80.357627x25.636119, 1
images/xad/StreetViewx-80.353035x25.564279, 2
images/xad/StreetViewx-80.355462x25.582563, 1
images/xad/StreetViewx-80.364380x25.658291, 1
images/xad/StreetViewx-80.358555x25.659623, 1
images/xad/StreetViewx-80.353965x25.562288, 1
images/xad/StreetViewx-80.356779x25.567952, 1
images/xad/StreetViewx-80.353807x25.591616, 1
images/xad/StreetViewx-80.357059x25.573737, 1
images/xad/StreetViewx-80.354404x25.574926, 1
images/xae/StreetViewx-80.370150x25.639816, 1
images/xae/StreetViewx-80.377940x25.651839, 1
images/xae/StreetViewx-80.378225x25.691093, 1
images/xae/StreetViewx-80.386955x25.682475, 1
images/xae/StreetViewx-80.369364x25.641549, 1
images/xae/StreetViewx-80.380693x25.692355, 1
images/xae/StreetViewx-80.384612x25.675845, 1
images/xae/StreetViewx-80.374819x25.649462, 1
images/xae/StreetViewx-80.374112x25.698755, 1
images/xae/StreetViewx-80.370264x25.659436, 1
images/xae/StreetViewx-80.371736x25.697633, 2
images/xae/StreetViewx-80.377660x25.666174, 1
images/xae/StreetViewx-80.376547x25.663898, 2
images/xae/StreetViewx-80.380893x25.670051, 1
images/xae/StreetViewx-80.422165x25.487745, 1
images/xae/StreetViewx-80.422687x25.468644, 1
images/xae/StreetViewx-80.388201x25.678973, 1
images/xae/StreetViewx-80.373752x25.704713, 1
images/xae/StreetViewx-80.387158x25.669384, 1
images/xae/StreetViewx-80.376286x25.650284, 1
images/xae/StreetViewx-80.385790x25.669393, 1
images/xae/StreetViewx-80.377709x25.701725, 1
images/xae/StreetViewx-80.418351x25.480760, 1
images/xae/StreetViewx-80.380419x25.654108, 1
images/xae/StreetViewx-80.370940x25.699967, 1
images/xae/StreetViewx-80.370791x25.661639, 1
images/xae/StreetViewx-80.388229x25.679659, 1
images/xae/StreetViewx-80.384933x25.695665, 1
images/xae/StreetViewx-80.423845x25.464335, 2
images/xae/StreetViewx-80.376322x25.698941, 1
images/xae/StreetViewx-80.378819x25.706271, 1
images/xae/StreetViewx-80.382499x25.675854, 2
images/xae/StreetViewx-80.370090x25.661632, 1
images/xae/StreetViewx-80.376879x25.670786, 1
images/xae/StreetViewx-80.381496x25.675676, 1
images/xae/StreetViewx-80.369034x25.698050, 1
images/xae/StreetViewx-80.380544x25.692355, 3
images/xae/StreetViewx-80.378009x25.660436, 1
images/xae/StreetViewx-80.382870x25.682584, 1
images/xae/StreetViewx-80.372562x25.701922, 1
images/xae/StreetViewx-80.378454x25.690583, 1
images/xae/StreetViewx-80.384176x25.665850, 1
images/xae/StreetViewx-80.387965x25.674860, 1
images/xae/StreetViewx-80.383860x25.678089, 2
images/xae/StreetViewx-80.380485x25.664735, 1
images/xae/StreetViewx-80.373456x25.703424, 1
images/xae/StreetViewx-80.385193x25.661734, 3
images/xae/StreetViewx-80.369741x25.645239, 1
images/xae/StreetViewx-80.377787x25.686101, 1
images/xae/StreetViewx-80.386379x25.667382, 1
images/xae/StreetViewx-80.423414x25.469666, 1
images/xae/StreetViewx-80.412711x25.485590, 1
images/xae/StreetViewx-80.370182x25.641084, 1
images/xae/StreetViewx-80.383471x25.676598, 1
images/xae/StreetViewx-80.383858x25.692016, 3
images/xae/StreetViewx-80.368830x25.660611, 1
images/xae/StreetViewx-80.383528x25.670726, 1
images/xae/StreetViewx-80.383507x25.682935, 2
images/xae/StreetViewx-80.376620x25.665851, 1
images/xae/StreetViewx-80.373382x25.649526, 1
images/xae/StreetViewx-80.378250x25.691787, 1
images/xae/StreetViewx-80.369364x25.696163, 1
images/xae/StreetViewx-80.422324x25.472795, 1
images/xae/StreetViewx-80.384758x25.665890, 1
images/xae/StreetViewx-80.378908x25.683093, 1
images/xae/StreetViewx-80.382659x25.647346, 1
images/xae/StreetViewx-80.377672x25.683128, 1
images/xae/StreetViewx-80.369648x25.698222, 1
images/xae/StreetViewx-80.384896x25.695963, 1
images/xae/StreetViewx-80.382205x25.650055, 1
images/xae/StreetViewx-80.375344x25.645331, 1
images/xae/StreetViewx-80.377770x25.685878, 1
images/xae/StreetViewx-80.381133x25.674641, 1
images/xae/StreetViewx-80.386887x25.681622, 1
images/xae/StreetViewx-80.422335x25.467288, 1
images/xae/StreetViewx-80.375339x25.644872, 1
images/xae/StreetViewx-80.388240x25.680895, 1
images/xae/StreetViewx-80.376788x25.698353, 1
images/xae/StreetViewx-80.374329x25.649265, 1
images/xae/StreetViewx-80.370251x25.650417, 1
images/xae/StreetViewx-80.385604x25.681290, 1
images/xae/StreetViewx-80.386051x25.673984, 1
images/xae/StreetViewx-80.384403x25.665529, 1
images/xae/StreetViewx-80.383858x25.658104, 3
images/xae/StreetViewx-80.422154x25.484858, 1
images/xae/StreetViewx-80.373780x25.642851, 1
images/xae/StreetViewx-80.377523x25.688624, 1
images/xae/StreetViewx-80.386728x25.681616, 1
images/xae/StreetViewx-80.371217x25.659530, 2
images/xae/StreetViewx-80.381217x25.670953, 1
images/xae/StreetViewx-80.414152x25.485883, 2
images/xae/StreetViewx-80.371636x25.698896, 1
images/xae/StreetViewx-80.376419x25.646246, 1
images/xae/StreetViewx-80.385112x25.686785, 1
images/xae/StreetViewx-80.385142x25.681652, 1
images/xae/StreetViewx-80.385136x25.661477, 1
images/xae/StreetViewx-80.382322x25.671446, 1
images/xae/StreetViewx-80.370851x25.699583, 1
images/xae/StreetViewx-80.384931x25.695111, 1
images/xae/StreetViewx-80.381070x25.666181, 1
images/xae/StreetViewx-80.368941x25.648573, 1
images/xae/StreetViewx-80.387856x25.672397, 1
images/xae/StreetViewx-80.385110x25.660955, 2
images/xae/StreetViewx-80.387092x25.674049, 1
images/xae/StreetViewx-80.385520x25.667135, 1
images/xae/StreetViewx-80.378236x25.693772, 1
images/xae/StreetViewx-80.377120x25.670938, 2
images/xae/StreetViewx-80.378721x25.704107, 1
images/xae/StreetViewx-80.378029x25.681611, 1
images/xae/StreetViewx-80.371983x25.643699, 4
images/xae/StreetViewx-80.370692x25.658425, 1
images/xae/StreetViewx-80.382869x25.677675, 2
images/xae/StreetViewx-80.382644x25.669873, 1
images/xae/StreetViewx-80.377636x25.647136, 1
images/xae/StreetViewx-80.416147x25.479198, 1
images/xae/StreetViewx-80.413915x25.485207, 1
images/xae/StreetViewx-80.387371x25.668733, 1
images/xae/StreetViewx-80.380323x25.675708, 1
images/xae/StreetViewx-80.376454x25.670907, 1
images/xae/StreetViewx-80.371910x25.682028, 1
images/xae/StreetViewx-80.421181x25.466207, 1
images/xae/StreetViewx-80.377050x25.655952, 1
images/xae/StreetViewx-80.384503x25.661463, 2
images/xae/StreetViewx-80.376461x25.664896, 1
images/xae/StreetViewx-80.369035x25.697682, 2
images/xae/StreetViewx-80.385590x25.668793, 1
images/xae/StreetViewx-80.380895x25.705241, 1
images/xae/StreetViewx-80.421318x25.457946, 1
images/xae/StreetViewx-80.378118x25.646646, 2
images/xae/StreetViewx-80.376152x25.667601, 1
images/xae/StreetViewx-80.385075x25.676114, 1
images/xae/StreetViewx-80.374583x25.648406, 1
images/xae/StreetViewx-80.387755x25.670088, 1
images/xae/StreetViewx-80.387896x25.682248, 1
images/xae/StreetViewx-80.385998x25.683782, 1
images/xae/StreetViewx-80.384375x25.696315, 1
images/xae/StreetViewx-80.385050x25.661080, 3
images/xae/StreetViewx-80.380198x25.692359, 1
images/xae/StreetViewx-80.377346x25.671168, 1
images/xae/StreetViewx-80.376108x25.699312, 1
images/xae/StreetViewx-80.381751x25.674709, 1
images/xae/StreetViewx-80.378874x25.685072, 1
images/xae/StreetViewx-80.371572x25.699724, 1
images/xae/StreetViewx-80.379246x25.699974, 1
images/xae/StreetViewx-80.379739x25.683994, 1
images/xae/StreetViewx-80.387236x25.681216, 1
images/xae/StreetViewx-80.415268x25.482724, 1
images/xae/StreetViewx-80.414276x25.489860, 1
images/xae/StreetViewx-80.375284x25.705464, 1
images/xae/StreetViewx-80.374997x25.697873, 1
images/xae/StreetViewx-80.369169x25.642054, 1
images/xae/StreetViewx-80.369276x25.698038, 1
images/xae/StreetViewx-80.371124x25.646983, 1
images/xae/StreetViewx-80.382459x25.666395, 1
images/xae/StreetViewx-80.377008x25.671699, 2
images/xae/StreetViewx-80.414610x25.485901, 1
images/xae/StreetViewx-80.384573x25.673654, 1
images/xae/StreetViewx-80.373716x25.699330, 1
images/xae/StreetViewx-80.384714x25.669074, 1
images/xae/StreetViewx-80.370684x25.688172, 1
images/xae/StreetViewx-80.414998x25.495509, 1
images/xae/StreetViewx-80.380143x25.691667, 1
images/xae/StreetViewx-80.369687x25.654434, 1
images/xae/StreetViewx-80.379222x25.653415, 1
images/xae/StreetViewx-80.376323x25.647179, 1
images/xae/StreetViewx-80.418435x25.487945, 1
images/xae/StreetViewx-80.385972x25.675428, 1
images/xae/StreetViewx-80.380339x25.658774, 1
images/xae/StreetViewx-80.379554x25.691945, 2
images/xae/StreetViewx-80.377565x25.705694, 1
images/xae/StreetViewx-80.369266x25.657660, 1
images/xae/StreetViewx-80.420295x25.489687, 1
images/xae/StreetViewx-80.375915x25.655035, 1
images/xae/StreetViewx-80.385132x25.681322, 1
images/xae/StreetViewx-80.384567x25.676179, 1
images/xae/StreetViewx-80.378564x25.647108, 1
images/xae/StreetViewx-80.374942x25.699150, 1
images/xae/StreetViewx-80.420573x25.478612, 1
images/xae/StreetViewx-80.375073x25.699675, 1
images/xae/StreetViewx-80.386290x25.669029, 1
images/xae/StreetViewx-80.375066x25.653087, 1
images/xae/StreetViewx-80.370697x25.654947, 2
images/xae/StreetViewx-80.374958x25.697484, 1
images/xae/StreetViewx-80.378720x25.683524, 1
images/xae/StreetViewx-80.375703x25.702642, 1
images/xae/StreetViewx-80.417242x25.490362, 1
images/xae/StreetViewx-80.379951x25.707139, 1
